Happiness1 by UK, country, region, UA/ County in England, LADs in England, UAs in Wales, LAs in Scotland, LGDs in Northern Ireland, April 2014 to March 20152,4;;;;;;;;;;;;;;;;;;;;;;;;;;;;;;;;;;;
;;;;;;;;;;;;;;;;;;;;;;;;;;;;;;;;;;;
;;;;Per cent in each category on 11 point scale3:;;;;Average (mean) rating;Confidence limits (95%);;;;;;;;;;;;;;;Sample size;;;;;;;;;;;
;;;;Low;Medium;High;Very High;;Low;;;Medium;;;High;;;Very High;;;Average (mean) rating;;;;;;;;;;;;;;
;;;;0-4;5-6;7-8;9-10;;0-4;;;5-6;;;7-8;;;9-10;;;;;;;;;;;;;;;;;
Area Codes;Area names;;;;;;;;CV;Lower limit;Upper limit;CV;Lower limit;Upper limit;CV;Lower limit;Upper limit;CV;Lower limit;Upper limit;CV;Lower limit;Upper limit;;;;;;;;;;;;
K02000001;UNITED KINGDOM;;;8,93;16,68;40,28;34,11;7,46;1,07;8,75;9,12;0,76;16,43;16,93;0,41;39,95;40,61;0,48;33,78;34,43;0,10;7,45;7,47;165 160;;;;;;;;;;;
E92000001;ENGLAND;;;8,95;16,73;40,47;33,85;7,45;1,20;8,73;9,16;0,85;16,45;17,01;0,46;40,10;40,84;0,55;33,49;34,22;0,11;7,44;7,47;120 320;;;;;;;;;;;
E12000001;NORTH EAST;;;10,77;17,05;39,06;33,13;7,34;3,44;10,05;11,50;2,69;16,15;17,95;1,56;37,86;40,25;1,79;31,96;34,29;0,37;7,29;7,40;11 310;;;;;;;;;;;
E06000047;NORTH EAST;County Durham UA;;10,84;17,04;37,76;34,36;7,37;10,36;8,63;13,05;7,95;14,38;19,71;4,78;34,21;41,30;5,08;30,93;37,80;1,11;7,21;7,53;890;;;;;;;;;;;
E06000005;NORTH EAST;Darlington UA;;9,76;15,43;38,68;36,13;7,46;10,71;7,70;11,81;8,36;12,89;17,97;4,65;35,14;42,22;4,94;32,62;39,64;1,08;7,30;7,62;1 000;;;;;;;;;;;
E06000001;NORTH EAST;Hartlepool UA;;10,14;15,41;38,48;35,97;7,48;9,44;8,26;12,03;7,43;13,16;17,65;4,12;35,37;41,59;4,56;32,75;39,20;1,01;7,34;7,63;1 160;;;;;;;;;;;
E06000002;NORTH EAST;Middlesbrough UA;;12,17;17,23;38,06;32,54;7,28;11,86;9,33;15,01;7,83;14,58;19,88;4,32;34,83;41,28;5,20;29,21;35,87;1,34;7,09;7,47;1 060;;;;;;;;;;;
E06000048;NORTH EAST;Northumberland UA;;9,34;15,89;39,88;34,89;7,44;10,70;7,38;11,31;8,57;13,21;18,56;4,66;36,23;43,52;5,30;31,26;38,53;1,06;7,28;7,59;1 020;;;;;;;;;;;
E06000003;NORTH EAST;Redcar and Cleveland UA;;8,55;17,00;41,77;32,68;7,46;11,39;6,64;10,47;8,31;14,22;19,78;4,26;38,28;45,27;5,24;29,31;36,04;1,02;7,31;7,61;980;;;;;;;;;;;
E06000004;NORTH EAST;Stockton-on-Tees UA;;9,16;16,67;37,54;36,63;7,56;12,92;6,83;11,49;9,20;13,65;19,69;5,65;33,37;41,72;5,57;32,61;40,65;1,12;7,39;7,73;760;;;;;;;;;;;
E11000004;NORTH EAST;Tyne and Wear (Met County);;11,65;17,71;39,58;31,07;7,24;4,63;10,59;12,71;3,79;16,39;19,02;2,23;37,84;41,31;2,74;29,40;32,74;0,55;7,16;7,32;4 450;;;;;;;;;;;
E08000020;NORTH EAST;;Gateshead;11,40;17,38;40,45;30,78;7,25;10,50;9,04;13,75;8,86;14,35;20,40;4,61;36,78;44,11;5,96;27,17;34,39;1,21;7,08;7,42;860;;;;;;;;;;;
E08000021;NORTH EAST;;Newcastle upon Tyne;10,73;17,79;44,72;26,75;7,20;10,16;8,58;12,87;7,79;15,07;20,52;4,54;40,73;48,72;7,23;22,95;30,56;1,08;7,05;7,36;930;;;;;;;;;;;
E08000022;NORTH EAST;;North Tyneside;10,47;17,12;43,07;29,35;7,26;11,02;8,20;12,74;8,34;14,31;19,93;4,25;39,46;46,67;5,91;25,93;32,76;1,19;7,09;7,43;810;;;;;;;;;;;
E08000023;NORTH EAST;;South Tyneside;13,70;16,81;36,68;32,81;7,20;9,52;11,14;16,26;7,89;14,20;19,41;5,09;33,01;40,35;5,10;29,53;36,10;1,22;7,03;7,38;970;;;;;;;;;;;
E08000024;NORTH EAST;;Sunderland;12,61;18,72;32,28;36,39;7,27;9,47;10,26;14,96;8,14;15,72;21,71;5,59;28,74;35,83;4,99;32,82;39,96;1,26;7,09;7,45;880;;;;;;;;;;;
E12000002;NORTH WEST ;;;10,17;16,82;39,10;33,91;7,39;2,79;9,62;10,73;2,11;16,12;17,52;1,17;38,20;39,99;1,36;33,01;34,81;0,29;7,35;7,44;19 460;;;;;;;;;;;
E06000008;NORTH WEST ;Blackburn with Darwen UA;;10,40;20,08;33,23;36,29;7,34;12,28;7,89;12,91;8,46;16,74;23,42;5,60;29,57;36,89;6,06;31,96;40,62;1,41;7,13;7,54;860;;;;;;;;;;;
E06000009;NORTH WEST ;Blackpool UA;;11,29;18,74;37,04;32,93;7,30;11,23;8,79;13,78;7,74;15,89;21,60;5,35;33,14;40,94;5,81;29,17;36,70;1,22;7,12;7,47;810;;;;;;;;;;;
E06000049;NORTH WEST ;Cheshire East UA;;x;x;x;x;7,77;x;x;x;x;x;x;x;x;x;x;x;x;1,05;7,60;7,93;480;;;;;;;;;;;
E06000050;NORTH WEST ;Cheshire West and Chester UA;;10,89;13,84;39,01;36,27;7,49;17,53;7,12;14,65;14,42;9,90;17,78;6,99;33,62;44,39;8,13;30,45;42,08;1,67;7,24;7,73;420;;;;;;;;;;;
E06000006;NORTH WEST ;Halton UA;;11,77;15,89;38,40;33,95;7,31;10,86;9,26;14,28;9,10;13,05;18,73;4,62;34,91;41,88;5,76;30,10;37,79;1,44;7,11;7,52;900;;;;;;;;;;;
E06000007;NORTH WEST ;Warrington UA;;9,31;15,99;38,93;35,76;7,47;14,02;6,74;11,88;8,73;13,25;18,74;4,90;35,18;42,69;5,60;31,82;39,70;1,14;7,31;7,64;780;;;;;;;;;;;
E10000006;NORTH WEST ;Cumbria ;;7,98;17,02;36,69;38,31;7,61;11,58;6,16;9,80;8,73;14,10;19,94;4,69;33,31;40,07;4,63;34,82;41,80;1,05;7,45;7,77;960;;;;;;;;;;;
E07000026;NORTH WEST ;;Allerdale;x;x;x;x;8,06;x;x;x;x;x;x;x;x;x;x;x;x;2,32;7,68;8,44;170;;;;;;;;;;;
E07000027;NORTH WEST ;;Barrow-in-Furness;x;x;x;x;7,19;x;x;x;x;x;x;x;x;x;x;x;x;3,14;6,73;7,64;130;;;;;;;;;;;
E07000028;NORTH WEST ;;Carlisle;x;x;x;x;7,37;x;x;x;x;x;x;x;x;x;x;x;x;2,33;7,03;7,71;230;;;;;;;;;;;
E07000029;NORTH WEST ;;Copeland;x;x;x;x;7,61;x;x;x;x;x;x;x;x;x;x;x;x;2,88;7,17;8,06;120;;;;;;;;;;;
E07000030;NORTH WEST ;;Eden;x;x;x;x;7,57;x;x;x;x;x;x;x;x;x;x;x;x;3,10;7,10;8,05;110;;;;;;;;;;;
E07000031;NORTH WEST ;;South Lakeland;x;x;x;x;7,75;x;x;x;x;x;x;x;x;x;x;x;x;2,21;7,41;8,09;200;;;;;;;;;;;
E11000001;NORTH WEST ;Greater Manchester (Met County);;10,29;17,22;40,64;31,85;7,33;4,09;9,46;11,11;2,97;16,22;18,22;1,61;39,35;41,92;1,99;30,61;33,10;0,43;7,27;7,39;8 650;;;;;;;;;;;
E08000001;NORTH WEST ;;Bolton;11,84;14,65;38,31;35,19;7,41;11,57;9,15;14,54;9,55;11,90;17,40;5,07;34,50;42,13;5,07;31,69;38,70;1,33;7,22;7,61;810;;;;;;;;;;;
E08000002;NORTH WEST ;;Bury;8,35;16,51;41,61;33,53;7,53;13,06;6,20;10,49;10,51;13,10;19,93;5,11;37,42;45,79;6,77;29,06;38,00;1,27;7,34;7,72;680;;;;;;;;;;;
E08000003;NORTH WEST ;;Manchester;10,20;17,71;40,54;31,56;7,31;12,96;7,60;12,80;8,49;14,75;20,67;4,70;36,79;44,28;6,15;27,74;35,37;1,34;7,12;7,50;970;;;;;;;;;;;
E08000004;NORTH WEST ;;Oldham ;11,99;18,90;39,09;30,02;7,19;12,27;9,09;14,88;8,98;15,56;22,24;5,16;35,12;43,06;6,12;26,41;33,64;1,53;6,97;7,40;760;;;;;;;;;;;
E08000005;NORTH WEST ;;Rochdale;11,61;17,12;38,48;32,79;7,31;9,36;9,47;13,74;8,28;14,34;19,91;4,95;34,74;42,22;5,46;29,27;36,31;1,16;7,14;7,48;950;;;;;;;;;;;
E08000006;NORTH WEST ;;Salford;9,33;20,82;40,68;29,17;7,23;11,77;7,17;11,49;7,70;17,67;23,97;4,88;36,78;44,58;6,27;25,57;32,77;1,24;7,06;7,41;830;;;;;;;;;;;
E08000007;NORTH WEST ;;Stockport;8,05;17,69;43,55;30,71;7,41;12,82;6,02;10,08;8,50;14,73;20,64;4,17;39,98;47,12;5,50;27,39;34,03;1,04;7,26;7,56;980;;;;;;;;;;;
E08000008;NORTH WEST ;;Tameside;11,45;16,96;39,72;31,86;7,26;9,84;9,24;13,67;8,17;14,24;19,69;4,57;36,16;43,29;5,29;28,55;35,17;1,14;7,10;7,42;970;;;;;;;;;;;
E08000009;NORTH WEST ;;Trafford;9,27;17,86;39,60;33,26;7,40;11,35;7,20;11,34;8,86;14,75;20,97;4,64;35,99;43,21;5,56;29,63;36,90;1,10;7,24;7,56;880;;;;;;;;;;;
E08000010;NORTH WEST ;;Wigan;10,74;14,49;43,56;31,21;7,31;10,84;8,45;13,03;9,62;11,75;17,23;4,65;39,58;47,55;5,72;27,70;34,73;1,18;7,14;7,48;830;;;;;;;;;;;
E10000017;NORTH WEST ;Lancashire;;8,75;15,87;39,12;36,27;7,55;9,43;7,13;10,37;7,20;13,62;18,11;3,71;36,27;41,97;4,16;33,30;39,23;0,86;7,43;7,68;1 480;;;;;;;;;;;
E07000117;NORTH WEST ;;Burnley;x;x;x;x;7,52;x;x;x;x;x;x;x;x;x;x;x;x;3,43;7,00;8,05;100;;;;;;;;;;;
E07000118;NORTH WEST ;;Chorley;x;x;x;x;7,79;x;x;x;x;x;x;x;x;x;x;x;x;1,89;7,49;8,08;170;;;;;;;;;;;
E07000119;NORTH WEST ;;Fylde;x;x;x;x;7,78;x;x;x;x;x;x;x;x;x;x;x;x;3,13;7,29;8,27;120;;;;;;;;;;;
E07000120;NORTH WEST ;;Hyndburn;x;x;x;x;7,64;x;x;x;x;x;x;x;x;x;x;x;x;3,35;7,12;8,17;80;;;;;;;;;;;
E07000121;NORTH WEST ;;Lancaster;x;x;x;x;7,58;x;x;x;x;x;x;x;x;x;x;x;x;2,05;7,27;7,89;160;;;;;;;;;;;
E07000122;NORTH WEST ;;Pendle;x;x;x;x;7,72;x;x;x;x;x;x;x;x;x;x;x;x;3,03;7,25;8,20;110;;;;;;;;;;;
E07000123;NORTH WEST ;;Preston;x;x;x;x;7,22;x;x;x;x;x;x;x;x;x;x;x;x;2,70;6,83;7,60;170;;;;;;;;;;;
E07000124;NORTH WEST ;;Ribble Valley;x;x;x;x;8,21;x;x;x;x;x;x;x;x;x;x;x;x;3,27;7,65;8,77;70;;;;;;;;;;;
E07000125;NORTH WEST ;;Rossendale;x;x;x;x;7,31;x;x;x;x;x;x;x;x;x;x;x;x;4,07;6,70;7,91;80;;;;;;;;;;;
E07000126;NORTH WEST ;;South Ribble;x;x;x;x;7,80;x;x;x;x;x;x;x;x;x;x;x;x;2,87;7,35;8,24;140;;;;;;;;;;;
E07000127;NORTH WEST ;;West Lancashire;x;x;x;x;7,06;x;x;x;x;x;x;x;x;x;x;x;x;3,24;6,60;7,52;140;;;;;;;;;;;
E07000128;NORTH WEST ;;Wyre;x;x;x;x;7,48;x;x;x;x;x;x;x;x;x;x;x;x;2,78;7,06;7,89;140;;;;;;;;;;;
E11000002;NORTH WEST ;Merseyside (Met County);;13,06;17,96;35,99;32,99;7,19;5,12;11,75;14,37;3,96;16,57;19,36;2,58;34,17;37,81;2,85;31,14;34,83;0,68;7,09;7,28;4 140;;;;;;;;;;;
E08000011;NORTH WEST ;;Knowsley ;13,31;19,69;35,60;31,40;7,08;9,83;10,74;15,89;8,45;16,42;22,96;5,26;31,91;39,28;5,92;27,74;35,06;1,33;6,89;7,26;800;;;;;;;;;;;
E08000012;NORTH WEST ;;Liverpool;14,64;18,61;35,19;31,56;7,05;9,13;12,01;17,27;7,93;15,71;21,52;5,58;31,33;39,05;5,96;27,86;35,26;1,39;6,85;7,24;870;;;;;;;;;;;
E08000014;NORTH WEST ;;Sefton;11,38;16,56;37,99;34,07;7,35;12,13;8,67;14,10;8,26;13,87;19,25;5,06;34,21;41,77;5,47;30,40;37,73;1,27;7,17;7,53;870;;;;;;;;;;;
E08000013;NORTH WEST ;;St. Helens;10,35;20,25;37,08;32,32;7,26;11,20;8,07;12,63;7,55;17,25;23,26;5,10;33,36;40,79;6,02;28,49;36,15;1,30;7,07;7,44;840;;;;;;;;;;;
E08000015;NORTH WEST ;;Wirral;13,52;16,16;35,05;35,27;7,27;11,19;10,54;16,49;8,89;13,34;18,99;5,15;31,50;38,61;5,97;31,13;39,40;1,55;7,04;7,49;770;;;;;;;;;;;
E12000003;YORKSHIRE AND THE HUMBER;;;10,21;16,60;38,56;34,63;7,41;3,33;9,55;10,88;2,48;15,79;17,41;1,40;37,50;39,62;1,57;33,56;35,69;0,34;7,36;7,46;13 110;;;;;;;;;;;
E06000011;YORKSHIRE AND THE HUMBER;East Riding of Yorkshire UA;;9,89;15,91;38,77;35,44;7,45;12,09;7,54;12,24;8,48;13,25;18,56;4,71;35,17;42,36;5,42;31,66;39,22;1,15;7,28;7,62;780;;;;;;;;;;;
E06000010;YORKSHIRE AND THE HUMBER;Kingston upon Hull, City of UA;;13,89;16,97;34,30;34,84;7,21;10,83;10,93;16,85;8,45;14,15;19,79;5,67;30,48;38,13;5,80;30,86;38,81;1,50;6,99;7,42;880;;;;;;;;;;;
E06000012;YORKSHIRE AND THE HUMBER;North East Lincolnshire UA;;15,45;16,09;37,76;30,70;7,08;9,46;12,58;18,33;8,74;13,33;18,86;4,74;34,24;41,27;5,56;27,34;34,05;1,29;6,90;7,26;980;;;;;;;;;;;
E06000013;YORKSHIRE AND THE HUMBER;North Lincolnshire UA;;8,52;13,69;39,46;38,34;7,68;12,73;6,38;10,65;9,17;11,22;16,16;4,65;35,85;43,06;5,02;34,55;42,13;1,03;7,53;7,84;830;;;;;;;;;;;
E06000014;YORKSHIRE AND THE HUMBER;York UA;;9,86;17,53;39,86;32,75;7,38;11,43;7,64;12,07;8,08;14,75;20,32;4,59;36,26;43,46;5,45;29,25;36,26;1,02;7,23;7,53;1 070;;;;;;;;;;;
E10000023;YORKSHIRE AND THE HUMBER;North Yorkshire;;7,78;15,75;40,82;35,65;7,59;14,47;5,57;10,00;9,20;12,90;18,60;4,75;37,00;44,63;5,50;31,80;39,50;1,12;7,42;7,75;780;;;;;;;;;;;
E07000163;YORKSHIRE AND THE HUMBER;;Craven;x;x;x;x;7,72;x;x;x;x;x;x;x;x;x;x;x;x;3,23;7,21;8,23;80;;;;;;;;;;;
E07000164;YORKSHIRE AND THE HUMBER;;Hambleton;x;x;x;x;7,76;x;x;x;x;x;x;x;x;x;x;x;x;3,08;7,28;8,25;90;;;;;;;;;;;
E07000165;YORKSHIRE AND THE HUMBER;;Harrogate;x;x;x;x;7,64;x;x;x;x;x;x;x;x;x;x;x;x;1,94;7,35;7,94;200;;;;;;;;;;;
E07000166;YORKSHIRE AND THE HUMBER;;Richmondshire;x;x;x;x;7,11;x;x;x;x;x;x;x;x;x;x;x;x;6,17;6,21;8,01;60;;;;;;;;;;;
E07000167;YORKSHIRE AND THE HUMBER;;Ryedale;x;x;x;x;7,54;x;x;x;x;x;x;x;x;x;x;x;x;2,31;7,18;7,90;80;;;;;;;;;;;
E07000168;YORKSHIRE AND THE HUMBER;;Scarborough;x;x;x;x;7,54;x;x;x;x;x;x;x;x;x;x;x;x;2,52;7,15;7,92;150;;;;;;;;;;;
E07000169;YORKSHIRE AND THE HUMBER;;Selby;x;x;x;x;7,60;x;x;x;x;x;x;x;x;x;x;x;x;3,08;7,13;8,07;120;;;;;;;;;;;
E11000003;YORKSHIRE AND THE HUMBER;South Yorkshire (Met County);;10,72;16,29;38,18;34,81;7,38;6,10;9,43;12,00;4,68;14,80;17,79;2,68;36,17;40,19;2,90;32,83;36,80;0,65;7,29;7,47;3 420;;;;;;;;;;;
E08000016;YORKSHIRE AND THE HUMBER;;Barnsley;12,21;14,99;35,66;37,14;7,41;9,90;9,83;14,58;8,81;12,39;17,59;4,85;32,26;39,06;5,17;33,37;40,92;1,19;7,24;7,58;910;;;;;;;;;;;
E08000017;YORKSHIRE AND THE HUMBER;;Doncaster;11,53;14,98;34,48;39,00;7,45;11,17;9,00;14,07;9,14;12,29;17,67;5,29;30,89;38,08;5,04;35,13;42,87;1,26;7,27;7,63;870;;;;;;;;;;;
E08000018;YORKSHIRE AND THE HUMBER;;Rotherham ;12,05;16,52;40,26;31,17;7,21;11,32;9,36;14,73;8,41;13,79;19,25;4,61;36,62;43,91;5,60;27,74;34,60;1,39;7,01;7,41;850;;;;;;;;;;;
E08000019;YORKSHIRE AND THE HUMBER;;Sheffield;9,08;17,43;40,25;33,24;7,40;12,79;6,80;11,37;8,33;14,57;20,28;4,87;36,40;44,11;5,62;29,56;36,91;1,15;7,24;7,57;790;;;;;;;;;;;
E11000006;YORKSHIRE AND THE HUMBER;West Yorkshire (Met County);;9,98;17,25;38,50;34,26;7,40;5,63;8,88;11,09;4,06;15,88;18,63;2,32;36,75;40,25;2,63;32,49;36,03;0,56;7,32;7,48;4 380;;;;;;;;;;;
E08000032;YORKSHIRE AND THE HUMBER;;Bradford ;9,40;16,44;39,59;34,57;7,47;11,72;7,23;11,57;9,00;13,53;19,35;5,08;35,63;43,55;5,95;30,52;38,61;1,20;7,30;7,65;780;;;;;;;;;;;
E08000033;YORKSHIRE AND THE HUMBER;;Calderdale;10,46;16,00;39,14;34,40;7,40;10,79;8,24;12,68;8,77;13,24;18,76;5,31;35,05;43,23;5,81;30,47;38,34;1,11;7,24;7,56;860;;;;;;;;;;;
E08000034;YORKSHIRE AND THE HUMBER;;Kirklees ;8,75;20,15;37,92;33,18;7,38;13,39;6,44;11,05;7,25;17,28;23,03;4,90;34,27;41,57;5,44;29,63;36,73;1,11;7,22;7,55;790;;;;;;;;;;;
E08000035;YORKSHIRE AND THE HUMBER;;Leeds ;11,20;16,70;38,77;33,33;7,34;10,73;8,84;13,56;8,46;13,92;19,48;4,54;35,31;42,23;5,33;29,84;36,82;1,15;7,17;7,50;1 050;;;;;;;;;;;
E08000036;YORKSHIRE AND THE HUMBER;;Wakefield;9,33;16,86;36,61;37,20;7,48;10,96;7,32;11,34;8,74;13,96;19,76;4,74;33,19;40,02;4,80;33,69;40,71;1,18;7,31;7,65;910;;;;;;;;;;;
E12000004;EAST MIDLANDS;;;8,66;16,74;38,62;35,99;7,51;4,36;7,92;9,40;3,07;15,73;17,75;1,78;37,27;39,97;1,90;34,65;37,33;0,40;7,45;7,57;7 880;;;;;;;;;;;
E06000015;EAST MIDLANDS;Derby UA ;;8,60;20,13;37,57;33,70;7,40;12,49;6,49;10,72;8,07;16,93;23,33;4,99;33,88;41,25;5,67;29,94;37,45;1,11;7,24;7,56;840;;;;;;;;;;;
E06000016;EAST MIDLANDS;Leicester UA;;10,82;19,78;32,40;37,00;7,37;12,13;8,24;13,41;7,94;16,69;22,87;5,61;28,83;35,98;5,44;33,04;40,95;1,30;7,18;7,56;910;;;;;;;;;;;
E06000018;EAST MIDLANDS;Nottingham UA;;11,65;20,81;34,92;32,62;7,22;10,93;9,15;14,15;7,63;17,69;23,93;5,07;31,44;38,40;5,80;28,90;36,34;1,19;7,05;7,39;960;;;;;;;;;;;
E06000017;EAST MIDLANDS;Rutland UA ;;x;x;x;x;7,73;x;x;x;x;x;x;x;x;x;x;x;x;1,78;7,46;8,01;280;;;;;;;;;;;
E10000007;EAST MIDLANDS;Derbyshire;;8,84;15,95;39,56;35,66;7,51;10,85;6,96;10,73;8,51;13,28;18,61;4,54;36,03;43,08;4,92;32,21;39,10;1,03;7,36;7,66;970;;;;;;;;;;;
E07000032;EAST MIDLANDS;;Amber Valley;x;x;x;x;7,71;x;x;x;x;x;x;x;x;x;x;x;x;2,05;7,39;8,02;150;;;;;;;;;;;
E07000033;EAST MIDLANDS;;Bolsover;x;x;x;x;6,89;x;x;x;x;x;x;x;x;x;x;x;x;4,39;6,28;7,51;80;;;;;;;;;;;
E07000034;EAST MIDLANDS;;Chesterfield;x;x;x;x;7,58;x;x;x;x;x;x;x;x;x;x;x;x;2,81;7,15;8,00;140;;;;;;;;;;;
E07000035;EAST MIDLANDS;;Derbyshire Dales;x;x;x;x;7,95;x;x;x;x;x;x;x;x;x;x;x;x;2,22;7,59;8,30;100;;;;;;;;;;;
E07000036;EAST MIDLANDS;;Erewash;x;x;x;x;7,73;x;x;x;x;x;x;x;x;x;x;x;x;2,47;7,34;8,11;130;;;;;;;;;;;
E07000037;EAST MIDLANDS;;High Peak;x;x;x;x;7,53;x;x;x;x;x;x;x;x;x;x;x;x;2,77;7,12;7,95;120;;;;;;;;;;;
E07000038;EAST MIDLANDS;;North East Derbyshire;x;x;x;x;7,23;x;x;x;x;x;x;x;x;x;x;x;x;3,67;6,70;7,76;130;;;;;;;;;;;
E07000039;EAST MIDLANDS;;South Derbyshire;x;x;x;x;7,42;x;x;x;x;x;x;x;x;x;x;x;x;3,12;6,95;7,88;130;;;;;;;;;;;
E10000018;EAST MIDLANDS;Leicestershire;;7,11;15,82;40,30;36,78;7,63;13,09;5,28;8,94;8,05;13,32;18,32;4,74;36,54;44,05;5,17;33,04;40,51;0,96;7,49;7,78;930;;;;;;;;;;;
E07000129;EAST MIDLANDS;;Blaby;x;x;x;x;8,06;x;x;x;x;x;x;x;x;x;x;x;x;2,10;7,72;8,40;130;;;;;;;;;;;
E07000130;EAST MIDLANDS;;Charnwood;x;x;x;x;7,53;x;x;x;x;x;x;x;x;x;x;x;x;1,93;7,24;7,82;220;;;;;;;;;;;
E07000131;EAST MIDLANDS;;Harborough;x;x;x;x;7,73;x;x;x;x;x;x;x;x;x;x;x;x;2,30;7,38;8,09;140;;;;;;;;;;;
E07000132;EAST MIDLANDS;;Hinckley and Bosworth;x;x;x;x;7,63;x;x;x;x;x;x;x;x;x;x;x;x;2,47;7,26;8,01;120;;;;;;;;;;;
E07000133;EAST MIDLANDS;;Melton;x;x;x;x;7,68;x;x;x;x;x;x;x;x;x;x;x;x;2,92;7,22;8,14;90;;;;;;;;;;;
E07000134;EAST MIDLANDS;;North West Leicestershire;x;x;x;x;7,38;x;x;x;x;x;x;x;x;x;x;x;x;3,36;6,88;7,88;140;;;;;;;;;;;
E07000135;EAST MIDLANDS;;Oadby and Wigston;x;x;x;x;7,46;x;x;x;x;x;x;x;x;x;x;x;x;3,07;6,99;7,93;90;;;;;;;;;;;
E10000019;EAST MIDLANDS;Lincolnshire ;;8,87;13,88;43,53;33,72;7,52;11,29;6,90;10,84;8,64;11,52;16,24;3,98;40,13;46,93;4,96;30,43;37,01;1,01;7,37;7,67;1 040;;;;;;;;;;;
E07000136;EAST MIDLANDS;;Boston;x;x;x;x;7,43;x;x;x;x;x;x;x;x;x;x;x;x;3,70;6,87;7,99;90;;;;;;;;;;;
E07000137;EAST MIDLANDS;;East Lindsey;x;x;x;x;7,47;x;x;x;x;x;x;x;x;x;x;x;x;2,35;7,12;7,82;220;;;;;;;;;;;
E07000138;EAST MIDLANDS;;Lincoln;x;x;x;x;7,20;x;x;x;x;x;x;x;x;x;x;x;x;2,74;6,80;7,59;120;;;;;;;;;;;
E07000139;EAST MIDLANDS;;North Kesteven;x;x;x;x;7,74;x;x;x;x;x;x;x;x;x;x;x;x;3,01;7,27;8,20;160;;;;;;;;;;;
E07000140;EAST MIDLANDS;;South Holland;x;x;x;x;7,15;x;x;x;x;x;x;x;x;x;x;x;x;2,82;6,75;7,56;110;;;;;;;;;;;
E07000141;EAST MIDLANDS;;South Kesteven;x;x;x;x;7,76;x;x;x;x;x;x;x;x;x;x;x;x;1,87;7,48;8,05;220;;;;;;;;;;;
E07000142;EAST MIDLANDS;;West Lindsey;x;x;x;x;7,80;x;x;x;x;x;x;x;x;x;x;x;x;2,73;7,37;8,23;120;;;;;;;;;;;
E10000021;EAST MIDLANDS;Northamptonshire ;;7,91;17,25;39,81;35,03;7,55;12,77;5,93;9,90;7,92;14,56;19,93;4,73;36,11;43,51;5,12;31,51;38,56;1,05;7,39;7,71;960;;;;;;;;;;;
E07000150;EAST MIDLANDS;;Corby;x;x;x;x;7,59;x;x;x;x;x;x;x;x;x;x;x;x;3,77;7,00;8,17;90;;;;;;;;;;;
E07000151;EAST MIDLANDS;;Daventry;x;x;x;x;7,71;x;x;x;x;x;x;x;x;x;x;x;x;2,47;7,32;8,10;80;;;;;;;;;;;
E07000152;EAST MIDLANDS;;East Northamptonshire;x;x;x;x;7,48;x;x;x;x;x;x;x;x;x;x;x;x;3,35;6,97;7,98;140;;;;;;;;;;;
E07000153;EAST MIDLANDS;;Kettering;x;x;x;x;7,56;x;x;x;x;x;x;x;x;x;x;x;x;2,71;7,15;7,97;130;;;;;;;;;;;
E07000154;EAST MIDLANDS;;Northampton;x;x;x;x;7,43;x;x;x;x;x;x;x;x;x;x;x;x;1,79;7,17;7,69;280;;;;;;;;;;;
E07000155;EAST MIDLANDS;;South Northamptonshire;x;x;x;x;7,82;x;x;x;x;x;x;x;x;x;x;x;x;2,53;7,42;8,22;130;;;;;;;;;;;
E07000156;EAST MIDLANDS;;Wellingborough;x;x;x;x;7,50;x;x;x;x;x;x;x;x;x;x;x;x;3,87;6,92;8,09;110;;;;;;;;;;;
E10000024;EAST MIDLANDS;Nottinghamshire;;8,29;16,87;34,71;40,14;7,57;11,77;6,37;10,20;8,67;13,99;19,74;5,27;31,11;38,31;4,68;36,45;43,84;1,12;7,40;7,74;980;;;;;;;;;;;
E07000170;EAST MIDLANDS;;Ashfield;x;x;x;x;7,61;x;x;x;x;x;x;x;x;x;x;x;x;2,81;7,18;8,04;130;;;;;;;;;;;
E07000171;EAST MIDLANDS;;Bassetlaw;x;x;x;x;7,81;x;x;x;x;x;x;x;x;x;x;x;x;2,62;7,40;8,22;150;;;;;;;;;;;
E07000172;EAST MIDLANDS;;Broxtowe;x;x;x;x;7,42;x;x;x;x;x;x;x;x;x;x;x;x;2,67;7,02;7,82;140;;;;;;;;;;;
E07000173;EAST MIDLANDS;;Gedling;x;x;x;x;7,62;x;x;x;x;x;x;x;x;x;x;x;x;2,71;7,20;8,03;140;;;;;;;;;;;
E07000174;EAST MIDLANDS;;Mansfield;x;x;x;x;7,51;x;x;x;x;x;x;x;x;x;x;x;x;4,25;6,87;8,16;120;;;;;;;;;;;
E07000175;EAST MIDLANDS;;Newark and Sherwood;x;x;x;x;7,41;x;x;x;x;x;x;x;x;x;x;x;x;3,15;6,94;7,88;140;;;;;;;;;;;
E07000176;EAST MIDLANDS;;Rushcliffe;x;x;x;x;7,62;x;x;x;x;x;x;x;x;x;x;x;x;2,39;7,26;7,99;150;;;;;;;;;;;
E12000005;WEST MIDLANDS;;;8,61;17,59;41,72;32,08;7,43;3,77;7,97;9,25;2,64;16,68;18,50;1,49;40,51;42,94;1,82;30,93;33,22;0,34;7,38;7,48;11 940;;;;;;;;;;;
E06000019;WEST MIDLANDS;Herefordshire, County of UA;;8,52;14,01;39,24;38,23;7,59;11,06;6,67;10,37;8,42;11,69;16,33;4,31;35,92;42,57;4,54;34,82;41,64;0,97;7,44;7,73;1 130;;;;;;;;;;;
E06000051;WEST MIDLANDS;Shropshire UA;;6,04;16,66;39,45;37,85;7,71;14,47;4,32;7,76;8,69;13,82;19,51;4,62;35,86;43,03;5,10;34,06;41,65;1,02;7,55;7,86;860;;;;;;;;;;;
E06000021;WEST MIDLANDS;Stoke-on-Trent UA;;10,29;19,21;41,21;29,29;7,28;12,71;7,71;12,86;10,43;15,27;23,15;5,71;36,58;45,85;7,60;24,91;33,68;1,36;7,08;7,47;600;;;;;;;;;;;
E06000020;WEST MIDLANDS;Telford and Wrekin UA;;10,12;18,46;35,73;35,69;7,42;13,00;7,53;12,71;8,31;15,44;21,48;5,38;31,95;39,51;6,10;31,41;39,97;1,36;7,22;7,62;830;;;;;;;;;;;
E10000028;WEST MIDLANDS;Staffordshire;;9,90;16,53;39,53;34,04;7,45;11,30;7,70;12,09;8,64;13,73;19,34;4,58;35,97;43,10;5,24;30,53;37,54;1,07;7,29;7,61;1 000;;;;;;;;;;;
E07000192;WEST MIDLANDS;;Cannock Chase;x;x;x;x;6,92;x;x;x;x;x;x;x;x;x;x;x;x;4,39;6,30;7,53;110;;;;;;;;;;;
E07000193;WEST MIDLANDS;;East Staffordshire;x;x;x;x;7,61;x;x;x;x;x;x;x;x;x;x;x;x;2,89;7,17;8,05;120;;;;;;;;;;;
E07000194;WEST MIDLANDS;;Lichfield;x;x;x;x;7,79;x;x;x;x;x;x;x;x;x;x;x;x;2,79;7,36;8,23;130;;;;;;;;;;;
E07000195;WEST MIDLANDS;;Newcastle-under-Lyme;x;x;x;x;7,16;x;x;x;x;x;x;x;x;x;x;x;x;2,85;6,75;7,57;150;;;;;;;;;;;
E07000196;WEST MIDLANDS;;South Staffordshire;x;x;x;x;7,39;x;x;x;x;x;x;x;x;x;x;x;x;2,71;6,99;7,79;150;;;;;;;;;;;
E07000197;WEST MIDLANDS;;Stafford;x;x;x;x;7,62;x;x;x;x;x;x;x;x;x;x;x;x;2,61;7,22;8,02;170;;;;;;;;;;;
E07000198;WEST MIDLANDS;;Staffordshire Moorlands;x;x;x;x;7,88;x;x;x;x;x;x;x;x;x;x;x;x;2,46;7,49;8,27;110;;;;;;;;;;;
E07000199;WEST MIDLANDS;;Tamworth;x;x;x;x;7,23;x;x;x;x;x;x;x;x;x;x;x;x;3,55;6,70;7,77;70;;;;;;;;;;;
E10000031;WEST MIDLANDS;Warwickshire;;6,85;11,37;50,62;31,17;7,61;15,30;4,79;8,91;11,20;8,86;13,87;4,42;46,22;55,02;6,45;27,21;35,12;0,97;7,47;7,76;760;;;;;;;;;;;
E07000218;WEST MIDLANDS;;North Warwickshire;x;x;x;x;7,18;x;x;x;x;x;x;x;x;x;x;x;x;2,75;6,78;7,59;60;;;;;;;;;;;
E07000219;WEST MIDLANDS;;Nuneaton and Bedworth;x;x;x;x;7,70;x;x;x;x;x;x;x;x;x;x;x;x;2,12;7,38;8,03;140;;;;;;;;;;;
E07000220;WEST MIDLANDS;;Rugby;x;x;x;x;7,66;x;x;x;x;x;x;x;x;x;x;x;x;2,39;7,29;8,03;130;;;;;;;;;;;
E07000221;WEST MIDLANDS;;Stratford-on-Avon;x;x;x;x;7,71;x;x;x;x;x;x;x;x;x;x;x;x;1,80;7,44;7,99;200;;;;;;;;;;;
E07000222;WEST MIDLANDS;;Warwick;x;x;x;x;7,61;x;x;x;x;x;x;x;x;x;x;x;x;1,98;7,31;7,91;230;;;;;;;;;;;
E11000005;WEST MIDLANDS;West Midlands (Met County);;8,75;19,80;41,23;30,22;7,33;5,04;7,89;9,62;3,52;18,43;21,17;2,17;39,47;42,98;2,72;28,61;31,83;0,49;7,26;7,40;5 930;;;;;;;;;;;
E08000025;WEST MIDLANDS;;Birmingham;7,34;19,49;44,07;29,10;7,40;11,59;5,67;9,02;7,34;16,68;22,30;4,37;40,29;47,86;5,92;25,71;32,48;1,00;7,25;7,54;970;;;;;;;;;;;
E08000026;WEST MIDLANDS;;Coventry;7,48;18,04;46,66;27,83;7,41;12,73;5,60;9,35;9,73;14,58;21,49;4,62;42,42;50,90;7,24;23,87;31,79;1,07;7,26;7,57;710;;;;;;;;;;;
E08000027;WEST MIDLANDS;;Dudley ;8,83;21,35;39,16;30,66;7,31;13,02;6,57;11,09;8,92;17,60;25,10;5,48;34,93;43,38;5,95;27,07;34,25;1,15;7,14;7,47;780;;;;;;;;;;;
E08000028;WEST MIDLANDS;;Sandwell ;13,23;21,59;31,69;33,49;7,12;10,42;10,51;15,94;7,45;18,43;24,76;5,54;28,24;35,14;6,12;29,46;37,52;1,45;6,92;7,32;830;;;;;;;;;;;
E08000029;WEST MIDLANDS;;Solihull;6,86;17,05;44,21;31,89;7,48;12,46;5,18;8,54;8,42;14,22;19,87;4,08;40,66;47,76;5,43;28,48;35,29;0,95;7,34;7,62;900;;;;;;;;;;;
E08000030;WEST MIDLANDS;;Walsall;9,80;18,48;37,37;34,35;7,35;12,86;7,32;12,28;8,92;15,23;21,72;5,19;33,56;41,19;5,61;30,56;38,14;1,33;7,16;7,55;780;;;;;;;;;;;
E08000031;WEST MIDLANDS;;Wolverhampton;11,15;22,96;38,23;27,66;7,08;11,09;8,72;13,58;6,58;19,99;25,93;4,83;34,59;41,86;6,40;24,18;31,14;1,19;6,92;7,25;960;;;;;;;;;;;
E10000034;WEST MIDLANDS;Worcestershire;;7,98;15,55;42,74;33,73;7,54;13,45;5,87;10,09;9,12;12,76;18,34;4,91;38,61;46,87;5,76;29,90;37,55;1,11;7,37;7,70;830;;;;;;;;;;;
E07000234;WEST MIDLANDS;;Bromsgrove;x;x;x;x;7,36;x;x;x;x;x;x;x;x;x;x;x;x;3,06;6,90;7,81;130;;;;;;;;;;;
E07000235;WEST MIDLANDS;;Malvern Hills;x;x;x;x;7,54;x;x;x;x;x;x;x;x;x;x;x;x;2,42;7,17;7,91;130;;;;;;;;;;;
E07000236;WEST MIDLANDS;;Redditch;x;x;x;x;7,69;x;x;x;x;x;x;x;x;x;x;x;x;3,02;7,22;8,15;110;;;;;;;;;;;
E07000237;WEST MIDLANDS;;Worcester;x;x;x;x;7,31;x;x;x;x;x;x;x;x;x;x;x;x;2,50;6,94;7,67;140;;;;;;;;;;;
E07000238;WEST MIDLANDS;;Wychavon;x;x;x;x;7,90;x;x;x;x;x;x;x;x;x;x;x;x;2,00;7,59;8,22;170;;;;;;;;;;;
E07000239;WEST MIDLANDS;;Wyre Forest;x;x;x;x;7,41;x;x;x;x;x;x;x;x;x;x;x;x;3,16;6,94;7,88;150;;;;;;;;;;;
E12000006;EAST;;;8,53;15,69;41,69;34,09;7,51;4,30;7,81;9,25;2,86;14,81;16,57;1,48;40,48;42,90;1,79;32,90;35,29;0,36;7,46;7,57;9 960;;;;;;;;;;;
E06000055;EAST;Bedford UA;;x;x;x;x;7,58;x;x;x;x;x;x;x;x;x;x;x;x;1,75;7,32;7,84;270;;;;;;;;;;;
E06000056;EAST;Central Bedfordshire UA;;7,28;17,07;39,52;36,13;7,61;17,89;4,71;9,86;12,49;12,86;21,28;7,32;33,80;45,23;7,19;31,00;41,27;1,32;7,41;7,80;410;;;;;;;;;;;
E06000032;EAST;Luton UA;;8,76;20,93;39,85;30,45;7,34;11,94;6,71;10,82;8,13;17,58;24,28;5,03;35,91;43,80;5,88;26,93;33,98;1,07;7,19;7,50;840;;;;;;;;;;;
E06000031;EAST;Peterborough UA;;8,21;19,77;38,26;33,75;7,46;14,08;5,94;10,49;8,43;16,49;23,05;5,17;34,38;42,15;5,77;29,92;37,58;1,24;7,28;7,64;770;;;;;;;;;;;
E06000033;EAST;Southend-on-Sea UA;;9,32;15,62;41,76;33,29;7,47;12,89;6,96;11,69;9,62;12,66;18,58;4,96;37,68;45,84;6,10;29,30;37,29;1,14;7,30;7,64;750;;;;;;;;;;;
E06000034;EAST;Thurrock UA;;10,68;19,94;35,82;33,56;7,30;11,58;8,24;13,11;9,47;16,22;23,65;5,28;32,10;39,55;6,15;29,50;37,62;1,28;7,12;7,49;720;;;;;;;;;;;
E10000003;EAST;Cambridgeshire;;9,08;12,99;43,93;34,00;7,50;14,45;6,50;11,67;9,97;10,44;15,54;4,50;40,04;47,82;5,91;30,04;37,95;1,31;7,31;7,70;910;;;;;;;;;;;
E07000008;EAST;;Cambridge;x;x;x;x;7,33;x;x;x;x;x;x;x;x;x;x;x;x;2,53;6,96;7,71;150;;;;;;;;;;;
E07000009;EAST;;East Cambridgeshire;x;x;x;x;8,03;x;x;x;x;x;x;x;x;x;x;x;x;2,66;7,60;8,47;120;;;;;;;;;;;
E07000010;EAST;;Fenland;x;x;x;x;7,06;x;x;x;x;x;x;x;x;x;x;x;x;5,36;6,29;7,82;130;;;;;;;;;;;
E07000011;EAST;;Huntingdonshire;x;x;x;x;7,43;x;x;x;x;x;x;x;x;x;x;x;x;2,79;7,02;7,84;270;;;;;;;;;;;
E07000012;EAST;;South Cambridgeshire;x;x;x;x;7,77;x;x;x;x;x;x;x;x;x;x;x;x;1,70;7,50;8,03;240;;;;;;;;;;;
E10000012;EAST;Essex;;7,57;15,42;42,07;34,93;7,60;11,09;5,92;9,22;6,65;13,41;17,44;3,38;39,28;44,86;3,97;32,21;37,66;0,80;7,48;7,72;1 630;;;;;;;;;;;
E07000066;EAST;;Basildon;x;x;x;x;7,52;x;x;x;x;x;x;x;x;x;x;x;x;2,21;7,19;7,85;180;;;;;;;;;;;
E07000067;EAST;;Braintree;x;x;x;x;7,82;x;x;x;x;x;x;x;x;x;x;x;x;1,99;7,51;8,13;190;;;;;;;;;;;
E07000068;EAST;;Brentwood;x;x;x;x;7,58;x;x;x;x;x;x;x;x;x;x;x;x;3,48;7,03;8,12;80;;;;;;;;;;;
E07000069;EAST;;Castle Point;x;x;x;x;7,37;x;x;x;x;x;x;x;x;x;x;x;x;4,19;6,74;8,00;90;;;;;;;;;;;
E07000070;EAST;;Chelmsford;x;x;x;x;7,78;x;x;x;x;x;x;x;x;x;x;x;x;1,57;7,54;8,03;210;;;;;;;;;;;
E07000071;EAST;;Colchester;x;x;x;x;7,72;x;x;x;x;x;x;x;x;x;x;x;x;1,97;7,41;8,02;190;;;;;;;;;;;
E07000072;EAST;;Epping Forest;x;x;x;x;7,40;x;x;x;x;x;x;x;x;x;x;x;x;2,88;6,97;7,83;140;;;;;;;;;;;
E07000073;EAST;;Harlow;x;x;x;x;7,44;x;x;x;x;x;x;x;x;x;x;x;x;4,26;6,79;8,09;90;;;;;;;;;;;
E07000074;EAST;;Maldon;x;x;x;x;7,93;x;x;x;x;x;x;x;x;x;x;x;x;3,85;7,31;8,56;90;;;;;;;;;;;
E07000075;EAST;;Rochford;x;x;x;x;7,55;x;x;x;x;x;x;x;x;x;x;x;x;3,01;7,09;8,01;110;;;;;;;;;;;
E07000076;EAST;;Tendring;x;x;x;x;7,46;x;x;x;x;x;x;x;x;x;x;x;x;3,25;6,98;7,94;170;;;;;;;;;;;
E07000077;EAST;;Uttlesford;x;x;x;x;7,51;x;x;x;x;x;x;x;x;x;x;x;x;2,91;7,07;7,95;100;;;;;;;;;;;
E10000015;EAST;Hertfordshire ;;9,45;15,17;44,26;31,13;7,40;9,17;7,75;11,15;7,10;13,05;17,28;3,39;41,31;47,20;4,50;28,38;33,87;0,83;7,28;7,52;1 410;;;;;;;;;;;
E07000095;EAST;;Broxbourne;x;x;x;x;7,14;x;x;x;x;x;x;x;x;x;x;x;x;3,40;6,65;7,64;110;;;;;;;;;;;
E07000096;EAST;;Dacorum;x;x;x;x;7,60;x;x;x;x;x;x;x;x;x;x;x;x;2,12;7,27;7,92;180;;;;;;;;;;;
E07000097;EAST;;East Hertfordshire;x;x;x;x;7,28;x;x;x;x;x;x;x;x;x;x;x;x;2,33;6,94;7,62;190;;;;;;;;;;;
E07000098;EAST;;Hertsmere;x;x;x;x;7,12;x;x;x;x;x;x;x;x;x;x;x;x;3,28;6,64;7,59;110;;;;;;;;;;;
E07000099;EAST;;North Hertfordshire;x;x;x;x;7,53;x;x;x;x;x;x;x;x;x;x;x;x;2,14;7,21;7,85;180;;;;;;;;;;;
E07000240;EAST;;St Albans;x;x;x;x;7,16;x;x;x;x;x;x;x;x;x;x;x;x;2,57;6,79;7,52;170;;;;;;;;;;;
E07000101;EAST;;Stevenage;x;x;x;x;7,70;x;x;x;x;x;x;x;x;x;x;x;x;2,52;7,31;8,09;130;;;;;;;;;;;
E07000102;EAST;;Three Rivers;x;x;x;x;7,59;x;x;x;x;x;x;x;x;x;x;x;x;2,56;7,20;7,99;120;;;;;;;;;;;
E07000103;EAST;;Watford;x;x;x;x;7,40;x;x;x;x;x;x;x;x;x;x;x;x;3,50;6,87;7,92;100;;;;;;;;;;;
E07000241;EAST;;Welwyn Hatfield;x;x;x;x;7,50;x;x;x;x;x;x;x;x;x;x;x;x;2,37;7,14;7,85;130;;;;;;;;;;;
E10000020;EAST;Norfolk ;;8,09;16,78;39,88;35,24;7,55;11,67;6,24;9,95;7,60;14,28;19,29;3,99;36,75;43,01;4,82;31,91;38,58;0,98;7,40;7,69;1 170;;;;;;;;;;;
E07000143;EAST;;Breckland;x;x;x;x;7,46;x;x;x;x;x;x;x;x;x;x;x;x;2,25;7,12;7,79;200;;;;;;;;;;;
E07000144;EAST;;Broadland;x;x;x;x;7,45;x;x;x;x;x;x;x;x;x;x;x;x;2,18;7,13;7,78;170;;;;;;;;;;;
E07000145;EAST;;Great Yarmouth;x;x;x;x;7,76;x;x;x;x;x;x;x;x;x;x;x;x;3,19;7,26;8,26;110;;;;;;;;;;;
E07000146;EAST;;King’s Lynn and West Norfolk;x;x;x;x;7,52;x;x;x;x;x;x;x;x;x;x;x;x;2,40;7,16;7,88;200;;;;;;;;;;;
E07000147;EAST;;North Norfolk;x;x;x;x;7,43;x;x;x;x;x;x;x;x;x;x;x;x;2,96;6,99;7,87;150;;;;;;;;;;;
E07000148;EAST;;Norwich;x;x;x;x;7,49;x;x;x;x;x;x;x;x;x;x;x;x;2,68;7,09;7,89;180;;;;;;;;;;;
E07000149;EAST;;South Norfolk;x;x;x;x;7,80;x;x;x;x;x;x;x;x;x;x;x;x;2,12;7,46;8,13;170;;;;;;;;;;;
E10000029;EAST;Suffolk;;9,17;14,58;39,70;36,55;7,54;11,29;7,14;11,21;7,94;12,30;16,85;4,25;36,39;43,02;4,88;33,04;40,06;1,06;7,39;7,70;1 090;;;;;;;;;;;
E07000200;EAST;;Babergh;x;x;x;x;7,60;x;x;x;x;x;x;x;x;x;x;x;x;2,61;7,21;8,00;120;;;;;;;;;;;
E07000201;EAST;;Forest Heath;x;x;x;x;7,63;x;x;x;x;x;x;x;x;x;x;x;x;3,22;7,13;8,14;90;;;;;;;;;;;
E07000202;EAST;;Ipswich;x;x;x;x;7,27;x;x;x;x;x;x;x;x;x;x;x;x;2,37;6,93;7,61;230;;;;;;;;;;;
E07000203;EAST;;Mid Suffolk;x;x;x;x;7,45;x;x;x;x;x;x;x;x;x;x;x;x;4,01;6,85;8,05;130;;;;;;;;;;;
E07000204;EAST;;St Edmundsbury;x;x;x;x;8,00;x;x;x;x;x;x;x;x;x;x;x;x;2,16;7,65;8,34;150;;;;;;;;;;;
E07000205;EAST;;Suffolk Coastal;12,02;17,48;34,14;36,36;7,34;19,86;7,27;16,77;16,84;11,62;23,35;12,54;25,62;42,65;11,95;27,71;45,01;2,60;6,96;7,72;210;;;;;;;;;;;
E07000206;EAST;;Waveney;x;x;x;x;7,64;x;x;x;x;x;x;x;x;x;x;x;x;2,47;7,26;8,02;160;;;;;;;;;;;
E12000007;LONDON;;;8,32;18,30;42,20;31,18;7,38;3,32;7,78;8,86;2,17;17,52;19,07;1,21;41,20;43,20;1,56;30,23;32,14;0,29;7,34;7,42;13 560;;;;;;;;;;;
E13000001;LONDON;Inner London;;7,57;20,23;42,66;29,54;7,33;5,22;6,80;8,35;3,28;18,93;21,53;1,95;41,03;44,29;2,58;28,05;31,03;0,44;7,27;7,39;5 760;;;;;;;;;;;
E09000007;LONDON;;Camden;8,33;22,20;42,41;27,05;7,22;16,65;5,59;11,06;11,23;17,29;27,12;6,56;36,93;47,90;9,29;22,10;32,01;1,45;7,01;7,42;470;;;;;;;;;;;
E09000001;LONDON;;City of London;x;x;x;x;x;x;x;x;x;x;x;x;x;x;x;x;x;x;x;x;0;;;;;;;;;;;
E09000012;LONDON;;Hackney ;10,10;19,44;43,41;27,06;7,18;16,97;6,72;13,48;10,63;15,36;23,51;5,95;38,31;48,51;8,85;22,33;31,78;1,73;6,94;7,43;420;;;;;;;;;;;
E09000013;LONDON;;Hammersmith and Fulham ;9,50;18,32;38,83;33,34;7,34;18,24;6,08;12,92;12,52;13,80;22,85;6,61;33,77;43,89;7,53;28,39;38,30;1,58;7,12;7,57;470;;;;;;;;;;;
E09000014;LONDON;;Haringey;8,27;19,44;42,72;29,58;7,27;16,64;5,55;10,98;11,90;14,87;24,01;6,99;36,82;48,61;8,96;24,35;34,81;1,48;7,05;7,48;430;;;;;;;;;;;
E09000019;LONDON;;Islington;x;x;x;x;7,16;x;x;x;x;x;x;x;x;x;x;x;x;1,72;6,91;7,40;350;;;;;;;;;;;
E09000020;LONDON;;Kensington and Chelsea;8,25;15,33;44,09;32,33;7,46;18,19;5,29;11,20;11,31;11,92;18,75;5,33;39,47;48,72;6,78;28,01;36,64;1,45;7,24;7,67;580;;;;;;;;;;;
E09000022;LONDON;;Lambeth ;x;x;x;x;7,34;x;x;x;x;x;x;x;x;x;x;x;x;1,49;7,12;7,55;340;;;;;;;;;;;
E09000023;LONDON;;Lewisham ;8,97;21,53;39,07;30,43;7,23;17,70;5,84;12,11;10,67;16,99;26,06;6,73;33,88;44,25;8,41;25,38;35,48;1,67;6,99;7,47;430;;;;;;;;;;;
E09000025;LONDON;;Newham ;x;x;x;x;7,56;x;x;x;x;x;x;x;x;x;x;x;x;1,62;7,31;7,80;420;;;;;;;;;;;
E09000028;LONDON;;Southwark;8,67;16,93;42,20;32,21;7,43;15,03;6,10;11,23;9,96;13,61;20,25;5,70;37,46;46,94;6,95;27,80;36,62;1,28;7,24;7,61;550;;;;;;;;;;;
E09000030;LONDON;;Tower Hamlets;6,34;23,92;41,31;28,43;7,26;19,07;3,95;8,72;10,38;19,02;28,82;7,31;35,35;47,27;10,09;22,77;34,10;1,63;7,03;7,49;390;;;;;;;;;;;
E09000032;LONDON;;Wandsworth;x;x;x;x;7,39;x;x;x;x;x;x;x;x;x;x;x;x;1,49;7,17;7,61;360;;;;;;;;;;;
E09000033;LONDON;;Westminster;x;x;x;x;7,41;x;x;x;x;x;x;x;x;x;x;x;x;1,44;7,20;7,62;550;;;;;;;;;;;
E13000002;LONDON;Outer London;;8,82;17,01;41,90;32,28;7,42;4,28;8,07;9,56;2,89;16,04;17,97;1,53;40,64;43,16;1,96;31,04;33,52;0,39;7,36;7,47;7 810;;;;;;;;;;;
E09000002;LONDON;;Barking and Dagenham;11,27;20,84;34,75;33,14;7,24;18,43;7,17;15,37;12,00;15,90;25,78;7,15;29,84;39,66;8,04;27,88;38,41;2,09;6,94;7,54;370;;;;;;;;;;;
E09000003;LONDON;;Barnet;8,53;13,05;47,48;30,94;7,46;18,32;5,44;11,62;14,12;9,41;16,69;5,95;41,90;53,07;9,10;25,37;36,50;1,64;7,21;7,70;360;;;;;;;;;;;
E09000004;LONDON;;Bexley;8,74;20,46;37,10;33,69;7,39;15,88;6,00;11,48;11,12;15,97;24,96;7,64;31,50;42,71;7,94;28,40;38,98;1,49;7,17;7,60;400;;;;;;;;;;;
E09000005;LONDON;;Brent ;6,79;20,62;45,82;26,77;7,36;17,45;4,46;9,13;9,55;16,75;24,50;5,39;40,95;50,68;8,60;22,23;31,30;1,33;7,17;7,56;580;;;;;;;;;;;
E09000006;LONDON;;Bromley;7,64;17,81;38,75;35,80;7,48;17,86;4,95;10,33;10,05;14,28;21,34;5,92;34,23;43,27;6,53;31,19;40,41;1,52;7,26;7,71;550;;;;;;;;;;;
E09000008;LONDON;;Croydon;10,88;17,18;36,95;34,98;7,39;17,80;7,06;14,71;13,38;12,64;21,72;7,28;31,64;42,27;7,39;29,87;40,09;1,94;7,10;7,67;400;;;;;;;;;;;
E09000009;LONDON;;Ealing;x;x;x;x;7,48;x;x;x;x;x;x;x;x;x;x;x;x;1,47;7,26;7,70;390;;;;;;;;;;;
E09000010;LONDON;;Enfield;x;x;x;x;7,44;x;x;x;x;x;x;x;x;x;x;x;x;1,40;7,23;7,64;340;;;;;;;;;;;
E09000011;LONDON;;Greenwich;12,61;18,58;35,80;33,01;7,17;14,55;8,99;16,24;12,20;14,10;23,06;7,10;30,78;40,83;8,82;27,25;38,76;1,87;6,91;7,44;350;;;;;;;;;;;
E09000015;LONDON;;Harrow;x;x;x;x;7,51;x;x;x;x;x;x;x;x;x;x;x;x;1,12;7,34;7,67;540;;;;;;;;;;;
E09000016;LONDON;;Havering;9,90;19,05;40,03;31,03;7,28;15,66;6,84;12,95;11,06;14,89;23,21;6,05;35,25;44,80;7,38;26,51;35,55;1,49;7,07;7,50;430;;;;;;;;;;;
E09000017;LONDON;;Hillingdon;11,47;16,08;40,60;31,86;7,31;17,95;7,41;15,53;11,58;12,40;19,75;6,54;35,36;45,84;8,08;26,78;36,93;1,87;7,04;7,58;450;;;;;;;;;;;
E09000018;LONDON;;Hounslow;9,48;16,03;36,05;38,45;7,56;17,04;6,29;12,67;14,61;11,40;20,65;7,72;30,55;41,54;7,80;32,53;44,37;1,86;7,28;7,84;400;;;;;;;;;;;
E09000021;LONDON;;Kingston upon Thames;7,08;16,89;45,34;30,68;7,49;18,73;4,46;9,70;12,51;12,72;21,07;7,10;38,98;51,70;10,84;24,11;37,26;1,57;7,26;7,72;380;;;;;;;;;;;
E09000024;LONDON;;Merton;8,89;16,27;40,74;34,10;7,51;17,37;5,84;11,94;11,67;12,52;20,02;6,45;35,55;45,93;7,98;28,72;39,47;1,50;7,29;7,73;390;;;;;;;;;;;
E09000026;LONDON;;Redbridge;8,86;18,22;36,90;36,01;7,45;15,23;6,20;11,53;11,19;14,20;22,25;6,95;31,84;41,97;7,11;30,96;41,06;1,39;7,25;7,66;450;;;;;;;;;;;
E09000027;LONDON;;Richmond upon Thames;8,20;13,01;47,97;30,82;7,48;18,73;5,17;11,24;14,92;9,18;16,84;5,82;42,46;53,48;8,63;25,57;36,07;1,47;7,26;7,69;390;;;;;;;;;;;
E09000029;LONDON;;Sutton;x;x;x;x;7,51;x;x;x;x;x;x;x;x;x;x;x;x;1,91;7,23;7,80;300;;;;;;;;;;;
E09000031;LONDON;;Waltham Forest;10,29;16,05;37,88;35,78;7,42;19,39;6,35;14,24;17,12;10,61;21,48;8,92;31,19;44,56;9,23;29,25;42,31;2,07;7,11;7,72;320;;;;;;;;;;;
E12000008;SOUTH EAST;;;7,97;15,83;40,88;35,32;7,54;3,44;7,43;8,51;2,27;15,12;16,53;1,17;39,94;41,82;1,38;34,36;36,28;0,28;7,50;7,58;19 490;;;;;;;;;;;
E06000036;SOUTH EAST;Bracknell Forest UA;;8,23;18,87;44,84;28,06;7,33;12,53;6,20;10,26;8,06;15,88;21,86;4,25;41,09;48,59;5,85;24,83;31,29;0,96;7,19;7,46;900;;;;;;;;;;;
E06000043;SOUTH EAST;Brighton and Hove UA;;9,35;19,96;42,97;27,73;7,26;12,70;7,01;11,68;8,51;16,62;23,29;4,15;39,46;46,47;5,83;24,55;30,91;1,11;7,10;7,42;930;;;;;;;;;;;
E06000046;SOUTH EAST;Isle of Wight UA;;8,06;15,55;37,35;39,04;7,62;10,85;6,35;9,78;7,25;13,34;17,77;4,18;34,28;40,41;4,29;35,75;42,33;0,95;7,48;7,77;1 280;;;;;;;;;;;
E06000035;SOUTH EAST;Medway UA;;10,84;18,95;36,29;33,92;7,29;10,97;8,50;13,18;8,15;15,91;21,99;4,90;32,79;39,79;5,23;30,43;37,41;1,21;7,12;7,46;990;;;;;;;;;;;
E06000042;SOUTH EAST;Milton Keynes UA;;9,55;15,55;38,68;36,22;7,52;11,50;7,39;11,71;9,16;12,75;18,35;4,97;34,90;42,46;5,52;32,29;40,15;1,12;7,35;7,68;850;;;;;;;;;;;
E06000044;SOUTH EAST;Portsmouth UA;;6,81;15,82;42,99;34,38;7,60;13,99;4,94;8,69;8,85;13,07;18,57;5,06;38,71;47,27;6,04;30,30;38,47;0,97;7,45;7,74;960;;;;;;;;;;;
E06000038;SOUTH EAST;Reading UA;;5,25;17,80;46,08;30,88;7,55;13,97;3,80;6,69;7,71;15,10;20,50;4,03;42,43;49,73;5,93;27,28;34,47;0,91;7,41;7,68;970;;;;;;;;;;;
E06000039;SOUTH EAST;Slough UA;;12,07;17,70;35,63;34,60;7,27;10,59;9,56;14,58;8,85;14,62;20,78;5,69;31,64;39,61;6,07;30,47;38,73;1,39;7,07;7,47;790;;;;;;;;;;;
E06000045;SOUTH EAST;Southampton UA;;6,77;16,37;40,39;36,47;7,63;14,64;4,82;8,71;9,95;13,17;19,58;5,66;35,89;44,88;6,41;31,88;41,07;1,09;7,46;7,79;810;;;;;;;;;;;
E06000037;SOUTH EAST;West Berkshire UA;;7,92;13,81;44,34;33,93;7,56;15,11;5,57;10,28;9,60;11,20;16,42;4,37;40,53;48,15;5,61;30,18;37,68;1,12;7,39;7,72;850;;;;;;;;;;;
E06000040;SOUTH EAST;Windsor and Maidenhead UA;;7,71;16,69;43,00;32,59;7,49;12,72;5,78;9,65;9,09;13,71;19,67;4,76;38,98;47,03;5,79;28,88;36,31;1,13;7,33;7,66;860;;;;;;;;;;;
E06000041;SOUTH EAST;Wokingham UA;;7,66;12,38;47,16;32,79;7,59;14,55;5,47;9,86;10,89;9,73;15,04;4,48;43,00;51,31;5,83;29,03;36,56;1,06;7,43;7,75;750;;;;;;;;;;;
E10000002;SOUTH EAST;Buckinghamshire;;7,70;15,54;44,53;32,23;7,46;12,08;5,87;9,53;8,94;12,81;18,28;4,14;40,90;48,15;5,28;28,88;35,57;1,00;7,31;7,61;930;;;;;;;;;;;
E07000004;SOUTH EAST;;Aylesbury Vale;8,01;18,58;43,71;29,70;7,33;19,25;4,95;11,07;15,05;13,03;24,12;7,22;37,45;49,97;9,68;24,00;35,40;1,85;7,06;7,60;300;;;;;;;;;;;
E07000005;SOUTH EAST;;Chiltern;x;x;x;x;7,95;x;x;x;x;x;x;x;x;x;x;x;x;1,82;7,66;8,23;200;;;;;;;;;;;
E07000006;SOUTH EAST;;South Bucks;x;x;x;x;7,62;x;x;x;x;x;x;x;x;x;x;x;x;2,67;7,21;8,03;130;;;;;;;;;;;
E07000007;SOUTH EAST;;Wycombe;9,85;15,32;45,71;29,13;7,29;19,38;6,07;13,63;14,74;10,84;19,79;7,37;39,03;52,38;9,85;23,44;34,81;1,78;7,03;7,55;290;;;;;;;;;;;
E10000011;SOUTH EAST;East Sussex;;9,71;14,83;37,53;37,93;7,47;13,66;7,10;12,32;8,58;12,33;17,33;4,60;34,14;40,92;4,90;34,27;41,58;1,27;7,28;7,66;940;;;;;;;;;;;
E07000061;SOUTH EAST;;Eastbourne;x;x;x;x;7,43;x;x;x;x;x;x;x;x;x;x;x;x;4,39;6,78;8,08;180;;;;;;;;;;;
E07000062;SOUTH EAST;;Hastings;x;x;x;x;7,30;x;x;x;x;x;x;x;x;x;x;x;x;2,83;6,89;7,72;120;;;;;;;;;;;
E07000063;SOUTH EAST;;Lewes;x;x;x;x;7,42;x;x;x;x;x;x;x;x;x;x;x;x;2,44;7,06;7,78;190;;;;;;;;;;;
E07000064;SOUTH EAST;;Rother;x;x;x;x;7,66;x;x;x;x;x;x;x;x;x;x;x;x;2,32;7,31;8,02;160;;;;;;;;;;;
E07000065;SOUTH EAST;;Wealden;x;x;x;x;7,51;x;x;x;x;x;x;x;x;x;x;x;x;2,09;7,20;7,82;300;;;;;;;;;;;
E10000014;SOUTH EAST;Hampshire;;6,99;14,56;42,35;36,10;7,64;10,22;5,59;8,40;7,18;12,51;16,62;3,18;39,70;44,99;3,67;33,50;38,69;0,73;7,53;7,75;1 680;;;;;;;;;;;
E07000084;SOUTH EAST;;Basingstoke and Deane;x;x;x;x;7,35;x;x;x;x;x;x;x;x;x;x;x;x;1,95;7,06;7,63;230;;;;;;;;;;;
E07000085;SOUTH EAST;;East Hampshire;x;x;x;x;7,63;x;x;x;x;x;x;x;x;x;x;x;x;2,26;7,29;7,98;150;;;;;;;;;;;
E07000086;SOUTH EAST;;Eastleigh;x;x;x;x;7,68;x;x;x;x;x;x;x;x;x;x;x;x;2,33;7,33;8,04;140;;;;;;;;;;;
E07000087;SOUTH EAST;;Fareham;x;x;x;x;7,59;x;x;x;x;x;x;x;x;x;x;x;x;1,76;7,32;7,86;140;;;;;;;;;;;
E07000088;SOUTH EAST;;Gosport;x;x;x;x;7,52;x;x;x;x;x;x;x;x;x;x;x;x;2,38;7,16;7,88;100;;;;;;;;;;;
E07000089;SOUTH EAST;;Hart;x;x;x;x;7,95;x;x;x;x;x;x;x;x;x;x;x;x;2,32;7,57;8,32;110;;;;;;;;;;;
E07000090;SOUTH EAST;;Havant;x;x;x;x;7,62;x;x;x;x;x;x;x;x;x;x;x;x;2,23;7,28;7,96;160;;;;;;;;;;;
E07000091;SOUTH EAST;;New Forest;x;x;x;x;7,94;x;x;x;x;x;x;x;x;x;x;x;x;1,95;7,63;8,24;250;;;;;;;;;;;
E07000092;SOUTH EAST;;Rushmoor;x;x;x;x;7,55;x;x;x;x;x;x;x;x;x;x;x;x;4,06;6,94;8,17;110;;;;;;;;;;;
E07000093;SOUTH EAST;;Test Valley;x;x;x;x;7,52;x;x;x;x;x;x;x;x;x;x;x;x;2,85;7,09;7,95;170;;;;;;;;;;;
E07000094;SOUTH EAST;;Winchester;x;x;x;x;7,66;x;x;x;x;x;x;x;x;x;x;x;x;2,80;7,23;8,09;150;;;;;;;;;;;
E10000016;SOUTH EAST;Kent;;10,05;16,23;35,03;38,69;7,46;9,50;8,18;11,93;6,40;14,19;18,26;3,79;32,43;37,64;3,94;35,70;41,68;0,98;7,32;7,61;1 680;;;;;;;;;;;
E07000105;SOUTH EAST;;Ashford;x;x;x;x;7,68;x;x;x;x;x;x;x;x;x;x;x;x;2,41;7,31;8,05;150;;;;;;;;;;;
E07000106;SOUTH EAST;;Canterbury;x;x;x;x;7,09;x;x;x;x;x;x;x;x;x;x;x;x;4,37;6,47;7,71;170;;;;;;;;;;;
E07000107;SOUTH EAST;;Dartford;x;x;x;x;7,53;x;x;x;x;x;x;x;x;x;x;x;x;3,90;6,94;8,13;90;;;;;;;;;;;
E07000108;SOUTH EAST;;Dover;x;x;x;x;7,03;x;x;x;x;x;x;x;x;x;x;x;x;4,91;6,34;7,72;150;;;;;;;;;;;
E07000109;SOUTH EAST;;Gravesham;x;x;x;x;7,77;x;x;x;x;x;x;x;x;x;x;x;x;2,81;7,32;8,21;100;;;;;;;;;;;
E07000110;SOUTH EAST;;Maidstone;x;x;x;x;7,75;x;x;x;x;x;x;x;x;x;x;x;x;2,32;7,40;8,11;200;;;;;;;;;;;
E07000111;SOUTH EAST;;Sevenoaks;x;x;x;x;7,72;x;x;x;x;x;x;x;x;x;x;x;x;2,42;7,35;8,10;130;;;;;;;;;;;
E07000112;SOUTH EAST;;Shepway;x;x;x;x;7,58;x;x;x;x;x;x;x;x;x;x;x;x;2,83;7,15;8,00;160;;;;;;;;;;;
E07000113;SOUTH EAST;;Swale;x;x;x;x;7,34;x;x;x;x;x;x;x;x;x;x;x;x;3,38;6,84;7,83;170;;;;;;;;;;;
E07000114;SOUTH EAST;;Thanet;x;x;x;x;7,32;x;x;x;x;x;x;x;x;x;x;x;x;3,16;6,86;7,78;140;;;;;;;;;;;
E07000115;SOUTH EAST;;Tonbridge and Malling;x;x;x;x;7,43;x;x;x;x;x;x;x;x;x;x;x;x;3,44;6,91;7,94;120;;;;;;;;;;;
E07000116;SOUTH EAST;;Tunbridge Wells;x;x;x;x;7,55;x;x;x;x;x;x;x;x;x;x;x;x;2,64;7,15;7,95;120;;;;;;;;;;;
E10000025;SOUTH EAST;Oxfordshire ;;5,48;13,02;46,13;35,37;7,74;14,52;3,91;7,04;10,16;10,42;15,62;4,59;41,96;50,30;5,65;31,44;39,30;0,89;7,60;7,87;810;;;;;;;;;;;
E07000177;SOUTH EAST;;Cherwell;x;x;x;x;7,64;x;x;x;x;x;x;x;x;x;x;x;x;2,33;7,28;8,00;180;;;;;;;;;;;
E07000178;SOUTH EAST;;Oxford;x;x;x;x;7,52;x;x;x;x;x;x;x;x;x;x;x;x;1,81;7,25;7,80;160;;;;;;;;;;;
E07000179;SOUTH EAST;;South Oxfordshire;x;x;x;x;8,00;x;x;x;x;x;x;x;x;x;x;x;x;2,12;7,66;8,33;180;;;;;;;;;;;
E07000180;SOUTH EAST;;Vale of White Horse;x;x;x;x;7,71;x;x;x;x;x;x;x;x;x;x;x;x;2,01;7,40;8,01;170;;;;;;;;;;;
E07000181;SOUTH EAST;;West Oxfordshire;x;x;x;x;7,91;x;x;x;x;x;x;x;x;x;x;x;x;1,54;7,67;8,16;130;;;;;;;;;;;
E10000030;SOUTH EAST;Surrey;;7,00;17,56;42,40;33,05;7,51;11,21;5,46;8,54;6,82;15,20;19,91;3,52;39,46;45,33;4,39;30,19;35,90;0,81;7,39;7,63;1 440;;;;;;;;;;;
E07000207;SOUTH EAST;;Elmbridge;x;x;x;x;7,32;x;x;x;x;x;x;x;x;x;x;x;x;2,81;6,91;7,73;150;;;;;;;;;;;
E07000208;SOUTH EAST;;Epsom and Ewell;x;x;x;x;7,82;x;x;x;x;x;x;x;x;x;x;x;x;2,32;7,45;8,20;90;;;;;;;;;;;
E07000209;SOUTH EAST;;Guildford;x;x;x;x;7,62;x;x;x;x;x;x;x;x;x;x;x;x;2,55;7,23;8,01;180;;;;;;;;;;;
E07000210;SOUTH EAST;;Mole Valley;x;x;x;x;7,89;x;x;x;x;x;x;x;x;x;x;x;x;2,79;7,45;8,33;100;;;;;;;;;;;
E07000211;SOUTH EAST;;Reigate and Banstead;x;x;x;x;7,53;x;x;x;x;x;x;x;x;x;x;x;x;2,35;7,17;7,88;150;;;;;;;;;;;
E07000212;SOUTH EAST;;Runnymede;x;x;x;x;7,11;x;x;x;x;x;x;x;x;x;x;x;x;3,41;6,62;7,60;130;;;;;;;;;;;
E07000213;SOUTH EAST;;Spelthorne;x;x;x;x;7,39;x;x;x;x;x;x;x;x;x;x;x;x;2,46;7,03;7,75;140;;;;;;;;;;;
E07000214;SOUTH EAST;;Surrey Heath;x;x;x;x;7,43;x;x;x;x;x;x;x;x;x;x;x;x;3,39;6,92;7,94;130;;;;;;;;;;;
E07000215;SOUTH EAST;;Tandridge;x;x;x;x;7,84;x;x;x;x;x;x;x;x;x;x;x;x;2,16;7,50;8,18;80;;;;;;;;;;;
E07000216;SOUTH EAST;;Waverley;x;x;x;x;7,61;x;x;x;x;x;x;x;x;x;x;x;x;2,07;7,30;7,93;160;;;;;;;;;;;
E07000217;SOUTH EAST;;Woking;x;x;x;x;7,30;x;x;x;x;x;x;x;x;x;x;x;x;2,47;6,94;7,66;140;;;;;;;;;;;
E10000032;SOUTH EAST;West Sussex;;6,87;15,15;41,50;36,48;7,68;11,82;5,27;8,47;7,83;12,81;17,48;4,16;38,11;44,89;4,75;33,08;39,89;0,86;7,55;7,81;1 090;;;;;;;;;;;
E07000223;SOUTH EAST;;Adur;x;x;x;x;7,54;x;x;x;x;x;x;x;x;x;x;x;x;3,41;7,01;8,06;90;;;;;;;;;;;
E07000224;SOUTH EAST;;Arun;x;x;x;x;7,68;x;x;x;x;x;x;x;x;x;x;x;x;1,77;7,41;7,96;180;;;;;;;;;;;
E07000225;SOUTH EAST;;Chichester;x;x;x;x;7,92;x;x;x;x;x;x;x;x;x;x;x;x;1,76;7,64;8,20;150;;;;;;;;;;;
E07000226;SOUTH EAST;;Crawley;x;x;x;x;7,55;x;x;x;x;x;x;x;x;x;x;x;x;2,95;7,10;8,00;140;;;;;;;;;;;
E07000227;SOUTH EAST;;Horsham;x;x;x;x;7,72;x;x;x;x;x;x;x;x;x;x;x;x;1,87;7,43;8,01;200;;;;;;;;;;;
E07000228;SOUTH EAST;;Mid Sussex;x;x;x;x;7,69;x;x;x;x;x;x;x;x;x;x;x;x;2,24;7,34;8,03;190;;;;;;;;;;;
E07000229;SOUTH EAST;;Worthing;x;x;x;x;7,62;x;x;x;x;x;x;x;x;x;x;x;x;2,42;7,25;7,99;130;;;;;;;;;;;
E12000009;SOUTH WEST;;;8,79;15,92;40,44;34,84;7,50;3,64;8,17;9,42;2,58;15,12;16,73;1,38;39,34;41,53;1,57;33,77;35,92;0,31;7,46;7,55;13 600;;;;;;;;;;;
E06000022;SOUTH WEST;Bath and North East Somerset UA;;7,42;14,08;46,76;31,74;7,57;13,02;5,52;9,32;9,11;11,56;16,60;4,40;42,71;50,80;5,20;28,50;34,99;0,95;7,43;7,71;1 060;;;;;;;;;;;
E06000028;SOUTH WEST;Bournemouth UA;;9,99;15,54;42,38;32,10;7,40;11,33;7,76;12,21;8,68;12,88;18,19;4,92;38,28;46,48;6,28;28,13;36,06;1,12;7,24;7,56;900;;;;;;;;;;;
E06000023;SOUTH WEST;Bristol, City of UA;;10,78;19,24;38,61;31,37;7,21;10,47;8,56;13,00;8,61;15,98;22,50;5,71;34,27;42,94;7,05;27,02;35,73;1,32;7,03;7,40;770;;;;;;;;;;;
E06000052;SOUTH WEST;Cornwall UA;;10,41;14,62;39,12;35,85;7,48;12,61;7,83;12,99;9,44;11,90;17,33;4,31;35,81;42,44;4,86;32,43;39,28;1,06;7,32;7,64;930;;;;;;;;;;;
E06000053;SOUTH WEST;Isles of Scilly UA;;#;#;#;#;#;#;#;#;#;#;#;#;#;#;#;#;#;#;#;#;#;;;;;;;;;;;
E06000024;SOUTH WEST;North Somerset UA;;8,44;18,45;41,13;31,98;7,42;12,28;6,40;10,48;8,95;15,20;21,70;4,75;37,28;44,97;5,89;28,28;35,69;1,11;7,25;7,58;750;;;;;;;;;;;
E06000026;SOUTH WEST;Plymouth UA;;12,59;17,27;35,55;34,59;7,28;10,45;10,01;15,18;7,91;14,58;19,95;4,71;32,25;38,84;5,24;31,03;38,16;1,22;7,10;7,45;1 170;;;;;;;;;;;
E06000029;SOUTH WEST;Poole UA;;8,46;14,19;43,88;33,47;7,57;12,91;6,31;10,61;9,86;11,44;16,94;4,52;39,98;47,78;5,48;29,86;37,08;1,00;7,42;7,72;890;;;;;;;;;;;
E06000025;SOUTH WEST;South Gloucestershire UA;;8,68;13,23;44,13;33,95;7,54;13,37;6,40;10,97;10,14;10,59;15,87;4,94;39,84;48,43;5,95;29,98;37,93;1,16;7,36;7,71;680;;;;;;;;;;;
E06000030;SOUTH WEST;Swindon UA;;9,27;18,82;39,69;32,22;7,36;13,14;6,88;11,67;7,34;16,10;21,53;4,77;35,97;43,41;5,74;28,58;35,86;1,15;7,19;7,53;920;;;;;;;;;;;
E06000027;SOUTH WEST;Torbay UA;;10,51;16,65;40,94;31,90;7,36;10,24;8,40;12,63;7,99;14,03;19,26;4,34;37,45;44,43;5,17;28,65;35,14;1,05;7,21;7,51;1 050;;;;;;;;;;;
E06000054;SOUTH WEST;Wiltshire UA;;8,33;15,91;40,97;34,78;7,53;13,16;6,18;10,49;8,66;13,20;18,62;4,28;37,52;44,42;4,94;31,40;38,16;1,00;7,39;7,68;1 010;;;;;;;;;;;
E10000008;SOUTH WEST;Devon;;6,28;15,41;40,19;38,12;7,70;13,98;4,56;8,01;8,95;12,70;18,12;4,04;37,00;43,38;4,42;34,80;41,43;0,91;7,57;7,84;950;;;;;;;;;;;
E07000040;SOUTH WEST;;East Devon;x;x;x;x;7,96;x;x;x;x;x;x;x;x;x;x;x;x;2,20;7,61;8,31;140;;;;;;;;;;;
E07000041;SOUTH WEST;;Exeter;x;x;x;x;7,45;x;x;x;x;x;x;x;x;x;x;x;x;2,35;7,10;7,80;130;;;;;;;;;;;
E07000042;SOUTH WEST;;Mid Devon;x;x;x;x;7,69;x;x;x;x;x;x;x;x;x;x;x;x;3,13;7,21;8,18;100;;;;;;;;;;;
E07000043;SOUTH WEST;;North Devon;x;x;x;x;7,91;x;x;x;x;x;x;x;x;x;x;x;x;2,33;7,54;8,28;110;;;;;;;;;;;
E07000044;SOUTH WEST;;South Hams;x;x;x;x;7,65;x;x;x;x;x;x;x;x;x;x;x;x;1,94;7,36;7,95;130;;;;;;;;;;;
E07000045;SOUTH WEST;;Teignbridge;x;x;x;x;7,88;x;x;x;x;x;x;x;x;x;x;x;x;2,03;7,56;8,20;180;;;;;;;;;;;
E07000046;SOUTH WEST;;Torridge;x;x;x;x;7,53;x;x;x;x;x;x;x;x;x;x;x;x;3,60;6,98;8,08;80;;;;;;;;;;;
E07000047;SOUTH WEST;;West Devon;x;x;x;x;7,29;x;x;x;x;x;x;x;x;x;x;x;x;4,19;6,67;7,92;80;;;;;;;;;;;
E10000009;SOUTH WEST;Dorset;;7,46;13,37;38,67;40,50;7,73;12,25;5,67;9,26;9,01;11,00;15,73;4,77;35,04;42,30;4,71;36,75;44,26;0,99;7,58;7,88;890;;;;;;;;;;;
E07000048;SOUTH WEST;;Christchurch;x;x;x;x;7,51;x;x;x;x;x;x;x;x;x;x;x;x;3,35;7,00;8,02;120;;;;;;;;;;;
E07000049;SOUTH WEST;;East Dorset;x;x;x;x;7,60;x;x;x;x;x;x;x;x;x;x;x;x;1,78;7,33;7,87;190;;;;;;;;;;;
E07000050;SOUTH WEST;;North Dorset;x;x;x;x;7,93;x;x;x;x;x;x;x;x;x;x;x;x;2,22;7,58;8,28;150;;;;;;;;;;;
E07000051;SOUTH WEST;;Purbeck;x;x;x;x;7,74;x;x;x;x;x;x;x;x;x;x;x;x;2,89;7,29;8,20;90;;;;;;;;;;;
E07000052;SOUTH WEST;;West Dorset;x;x;x;x;7,91;x;x;x;x;x;x;x;x;x;x;x;x;2,01;7,59;8,22;220;;;;;;;;;;;
E07000053;SOUTH WEST;;Weymouth and Portland;x;x;x;x;7,61;x;x;x;x;x;x;x;x;x;x;x;x;2,84;7,18;8,05;130;;;;;;;;;;;
E10000013;SOUTH WEST;Gloucestershire;;9,31;17,32;39,67;33,70;7,46;12,43;7,03;11,58;8,05;14,58;20,06;6,03;34,97;44,38;6,34;29,50;37,90;1,07;7,30;7,61;870;;;;;;;;;;;
E07000078;SOUTH WEST;;Cheltenham;x;x;x;x;7,29;x;x;x;x;x;x;x;x;x;x;x;x;2,04;6,99;7,58;180;;;;;;;;;;;
E07000079;SOUTH WEST;;Cotswold;x;x;x;x;7,76;x;x;x;x;x;x;x;x;x;x;x;x;2,96;7,30;8,23;130;;;;;;;;;;;
E07000080;SOUTH WEST;;Forest of Dean;x;x;x;x;7,11;x;x;x;x;x;x;x;x;x;x;x;x;3,13;6,66;7,56;110;;;;;;;;;;;
E07000081;SOUTH WEST;;Gloucester;x;x;x;x;7,55;x;x;x;x;x;x;x;x;x;x;x;x;2,63;7,16;7,95;160;;;;;;;;;;;
E07000082;SOUTH WEST;;Stroud;x;x;x;x;7,45;x;x;x;x;x;x;x;x;x;x;x;x;2,24;7,12;7,79;160;;;;;;;;;;;
E07000083;SOUTH WEST;;Tewkesbury;x;x;x;x;7,59;x;x;x;x;x;x;x;x;x;x;x;x;2,85;7,16;8,03;140;;;;;;;;;;;
E10000027;SOUTH WEST;Somerset ;;7,83;15,47;42,05;34,65;7,53;15,06;5,51;10,15;9,72;12,51;18,43;4,56;38,28;45,82;5,30;31,03;38,26;1,17;7,36;7,71;780;;;;;;;;;;;
E07000187;SOUTH WEST;;Mendip;x;x;x;x;7,67;x;x;x;x;x;x;x;x;x;x;x;x;2,90;7,23;8,12;160;;;;;;;;;;;
E07000188;SOUTH WEST;;Sedgemoor;x;x;x;x;7,64;x;x;x;x;x;x;x;x;x;x;x;x;2,31;7,28;7,99;160;;;;;;;;;;;
E07000189;SOUTH WEST;;South Somerset;x;x;x;x;7,43;x;x;x;x;x;x;x;x;x;x;x;x;2,21;7,10;7,76;250;;;;;;;;;;;
E07000190;SOUTH WEST;;Taunton Deane;x;x;x;x;7,26;x;x;x;x;x;x;x;x;x;x;x;x;2,51;6,90;7,63;150;;;;;;;;;;;
E07000191;SOUTH WEST;;West Somerset;x;x;x;x;8,14;x;x;x;x;x;x;x;x;x;x;x;x;3,71;7,51;8,76;60;;;;;;;;;;;
W92000004;WALES;;;9,56;16,54;39,45;34,45;7,44;2,85;9,02;10,09;2,23;15,82;17,26;1,13;38,58;40,33;1,37;33,53;35,38;0,30;7,39;7,48;19 540;;;;;;;;;;;
W06000001;WALES;;Isle of Anglesey / Ynys Môn;7,91;15,88;34,88;41,32;7,64;11,49;6,13;9,70;7,98;13,39;18,37;4,78;31,61;38,16;4,23;37,89;44,76;0,99;7,49;7,79;1 060;;;;;;;;;;;
W06000002;WALES;;Gwynedd / Gwynedd;7,82;13,81;44,36;34,02;7,57;12,96;5,82;9,81;9,36;11,27;16,35;4,25;40,65;48,07;5,40;30,40;37,63;0,99;7,42;7,72;830;;;;;;;;;;;
W06000003;WALES;;Conwy / Conwy;7,93;14,75;42,58;34,75;7,56;11,06;6,20;9,65;7,70;12,52;16,98;3,72;39,46;45,69;4,74;31,51;37,99;0,95;7,42;7,70;1 110;;;;;;;;;;;
W06000004;WALES;;Denbighshire / Sir Ddinbych;8,71;15,61;40,35;35,32;7,55;11,65;6,72;10,71;7,60;13,28;17,95;4,37;36,89;43,82;4,95;31,88;38,76;1,01;7,40;7,70;990;;;;;;;;;;;
W06000005;WALES;;Flintshire / Sir y Fflint;8,75;16,95;42,37;31,92;7,46;11,59;6,76;10,75;8,08;14,26;19,64;4,27;38,82;45,93;5,63;28,39;35,45;0,99;7,32;7,61;930;;;;;;;;;;;
W06000006;WALES;;Wrexham / Wrecsam;11,55;17,06;35,74;35,65;7,39;11,64;8,91;14,20;8,62;14,17;19,95;5,53;31,86;39,63;5,50;31,79;39,50;1,46;7,18;7,60;910;;;;;;;;;;;
W06000023;WALES;;Powys / Powys;9,14;15,46;40,93;34,47;7,47;12,67;6,86;11,41;9,39;12,61;18,32;4,43;37,37;44,50;5,55;30,71;38,23;1,30;7,27;7,66;900;;;;;;;;;;;
W06000008;WALES;;Ceredigion / Ceredigion;5,98;17,98;41,09;34,95;7,61;14,35;4,29;7,67;10,04;14,43;21,53;5,99;36,25;45,92;6,91;30,20;39,70;1,08;7,45;7,78;920;;;;;;;;;;;
W06000009;WALES;;Pembrokeshire / Sir Benfro;8,71;14,74;40,46;36,10;7,57;11,94;6,66;10,75;8,20;12,37;17,12;4,39;36,97;43,95;4,98;32,56;39,63;1,01;7,42;7,72;880;;;;;;;;;;;
W06000010;WALES;;Carmarthenshire / Sir Gaerfyrddin;10,17;15,65;39,39;34,80;7,48;12,41;7,69;12,65;8,39;13,06;18,23;4,68;35,76;43,01;5,02;31,36;38,23;1,13;7,32;7,65;920;;;;;;;;;;;
W06000011;WALES;;Swansea / Abertawe;8,54;16,71;43,42;31,34;7,41;13,72;6,24;10,85;8,66;13,86;19,55;4,35;39,70;47,13;5,54;27,92;34,75;1,23;7,23;7,59;910;;;;;;;;;;;
W06000012;WALES;;Neath Port Talbot / Castell-nedd Port Talbot;12,43;17,03;35,89;34,64;7,28;9,79;10,04;14,83;7,89;14,39;19,67;4,83;32,49;39,30;5,10;31,16;38,11;1,33;7,09;7,47;920;;;;;;;;;;;
W06000013;WALES;;Bridgend / Pen-y-bont ar Ogwr;10,56;17,78;37,06;34,60;7,40;10,56;8,37;12,76;8,22;14,91;20,66;5,35;33,16;40,95;5,81;30,65;38,55;1,20;7,22;7,57;830;;;;;;;;;;;
W06000014;WALES;;The Vale of Glamorgan / Bro Morgannwg;12,00;18,80;36,25;32,94;7,24;11,29;9,34;14,67;8,21;15,77;21,84;4,85;32,80;39,71;5,36;29,47;36,41;1,27;7,06;7,42;880;;;;;;;;;;;
W06000015;WALES;;Cardiff / Caerdydd;7,97;15,26;42,08;34,70;7,50;13,35;5,88;10,06;11,81;11,71;18,80;4,16;38,64;45,52;6,17;30,49;38,91;1,30;7,31;7,69;930;;;;;;;;;;;
W06000016;WALES;;Rhondda Cynon Taf / Rhondda Cynon Taf;8,60;18,40;37,68;35,32;7,45;12,32;6,52;10,68;8,90;15,18;21,62;5,76;33,42;41,95;6,51;30,80;39,85;1,25;7,27;7,63;860;;;;;;;;;;;
W06000024;WALES;;Merthyr Tydfil / Merthyr Tudful;12,97;20,26;31,63;35,14;7,17;12,10;9,88;16,06;9,31;16,55;23,98;7,17;27,16;36,09;6,39;30,72;39,56;1,64;6,94;7,41;580;;;;;;;;;;;
W06000018;WALES;;Caerphilly / Caerffili;9,17;18,59;38,42;33,81;7,39;11,26;7,14;11,20;8,09;15,64;21,55;4,98;34,65;42,19;5,41;30,22;37,41;1,18;7,22;7,57;910;;;;;;;;;;;
W06000019;WALES;;Blaenau Gwent / Blaenau Gwent;14,28;15,70;33,82;36,20;7,29;11,08;11,17;17,40;9,27;12,83;18,56;5,40;30,23;37,41;5,92;31,98;40,42;1,61;7,06;7,52;730;;;;;;;;;;;
W06000020;WALES;;Torfaen / Tor-faen;10,65;18,45;37,25;33,65;7,30;11,68;8,20;13,10;8,64;15,31;21,58;5,34;33,34;41,16;5,76;29,84;37,46;1,38;7,10;7,50;830;;;;;;;;;;;
W06000021;WALES;;Monmouthshire / Sir Fynwy;8,44;14,76;40,88;35,92;7,59;11,27;6,57;10,31;8,08;12,41;17,10;4,26;37,46;44,31;4,94;32,43;39,41;0,95;7,45;7,73;980;;;;;;;;;;;
W06000022;WALES;;Newport / Casnewydd;13,50;15,96;37,12;33,43;7,22;12,45;10,19;16,81;9,62;12,93;18,98;5,04;33,44;40,80;6,37;29,23;37,62;1,73;6,98;7,47;730;;;;;;;;;;;
S92000003;SCOTLAND;;;9,16;16,90;39,75;34,19;7,45;2,90;8,64;9,68;2,35;16,13;17,68;1,18;38,83;40,67;1,32;33,31;35,08;0,27;7,41;7,49;22 760;;;;;;;;;;;
S12000033;SCOTLAND;;Aberdeen City;7,62;20,43;42,41;29,55;7,40;14,66;5,42;9,82;9,14;16,75;24,10;5,53;37,80;47,02;8,24;24,76;34,34;1,23;7,22;7,58;730;;;;;;;;;;;
S12000034;SCOTLAND;;Aberdeenshire;x;x;x;x;7,64;x;x;x;x;x;x;x;x;x;x;x;x;1,15;7,47;7,81;630;;;;;;;;;;;
S12000041;SCOTLAND;;Angus;9,18;15,21;38,35;37,27;7,60;17,64;5,99;12,37;10,88;11,95;18,47;6,65;33,33;43,37;7,84;31,52;43,01;1,63;7,36;7,85;680;;;;;;;;;;;
S12000035;SCOTLAND;;Argyll and Bute;8,64;12,51;40,21;38,63;7,68;12,90;6,45;10,83;9,53;10,17;14,86;4,29;36,82;43,60;4,50;35,21;42,05;1,08;7,51;7,84;890;;;;;;;;;;;
S12000005;SCOTLAND;;Clackmannanshire;9,71;17,89;38,59;33,81;7,38;17,50;6,35;13,07;13,24;13,20;22,57;8,04;32,46;44,73;8,93;27,84;39,79;1,74;7,13;7,63;330;;;;;;;;;;;
S12000006;SCOTLAND;;Dumfries and Galloway;7,05;11,84;40,33;40,78;7,81;11,69;5,43;8,67;8,87;9,78;13,91;4,17;37,03;43,64;4,21;37,40;44,15;0,91;7,67;7,95;1 110;;;;;;;;;;;
S12000042;SCOTLAND;;Dundee City;12,09;21,47;40,84;25,60;7,02;12,92;9,02;15,17;9,75;17,35;25,58;5,67;36,28;45,39;7,87;21,64;29,56;1,43;6,83;7,22;870;;;;;;;;;;;
S12000008;SCOTLAND;;East Ayrshire;13,07;15,53;37,62;33,78;7,27;10,40;10,40;15,75;8,94;12,80;18,27;5,08;33,86;41,37;5,64;30,03;37,52;1,31;7,08;7,46;810;;;;;;;;;;;
S12000045;SCOTLAND;;East Dunbartonshire;8,28;13,64;40,96;37,12;7,62;14,38;5,94;10,63;10,23;10,89;16,38;5,18;36,79;45,13;5,46;33,13;41,10;1,09;7,46;7,78;760;;;;;;;;;;;
S12000010;SCOTLAND;;East Lothian;9,45;16,88;39,01;34,66;7,45;13,91;6,86;12,03;9,90;13,59;20,17;5,59;34,72;43,30;6,38;30,31;39,01;1,34;7,26;7,65;690;;;;;;;;;;;
S12000011;SCOTLAND;;East Renfrewshire;7,61;15,68;42,83;33,88;7,50;13,93;5,52;9,69;10,60;12,40;18,95;5,47;38,22;47,45;6,09;29,82;37,95;1,14;7,34;7,67;690;;;;;;;;;;;
S12000036;SCOTLAND;;City of Edinburgh;7,01;13,75;45,74;33,49;7,61;13,84;5,10;8,92;11,22;10,72;16,79;4,59;41,61;49,87;5,91;29,60;37,39;0,99;7,46;7,76;720;;;;;;;;;;;
*;SCOTLAND;Eilean Siar, Orkney & Shetland;;x;x;x;x;7,99;x;x;x;x;x;x;x;x;x;x;x;x;1,09;7,82;8,17;620;;;;;;;;;;;
S12000013;SCOTLAND;;Eilean Siar;x;x;x;x;8,15;x;x;x;x;x;x;x;x;x;x;x;x;1,42;7,92;8,38;290;;;;;;;;;;;
S12000023;SCOTLAND;;Orkney Islands;x;x;x;x;8,09;x;x;x;x;x;x;x;x;x;x;x;x;1,59;7,83;8,34;180;;;;;;;;;;;
S12000027;SCOTLAND;;Shetland Islands;x;x;x;x;7,72;x;x;x;x;x;x;x;x;x;x;x;x;2,59;7,32;8,12;150;;;;;;;;;;;
S12000014;SCOTLAND;;Falkirk;7,66;10,88;49,96;31,49;7,61;12,01;5,85;9,47;10,23;8,70;13,07;3,78;46,25;53,67;5,53;28,07;34,92;0,91;7,47;7,75;860;;;;;;;;;;;
S12000015;SCOTLAND;;Fife;10,49;18,24;35,49;35,78;7,40;12,19;7,98;13,01;9,51;14,83;21,65;5,45;31,69;39,29;5,50;31,91;39,65;1,32;7,21;7,59;780;;;;;;;;;;;
S12000046;SCOTLAND;;Glasgow City;9,89;23,34;37,68;29,09;7,17;12,76;7,40;12,37;9,53;18,96;27,72;6,02;33,22;42,15;7,02;25,07;33,11;1,33;6,98;7,36;630;;;;;;;;;;;
S12000017;SCOTLAND;;Highland;7,33;12,34;38,95;41,38;7,79;12,80;5,49;9,18;9,48;10,04;14,64;4,62;35,42;42,49;4,50;37,72;45,04;1,01;7,64;7,95;880;;;;;;;;;;;
S12000018;SCOTLAND;;Inverclyde;11,35;18,11;35,56;34,98;7,36;13,27;8,39;14,32;8,69;15,01;21,20;5,63;31,63;39,50;5,61;31,12;38,84;1,42;7,15;7,57;710;;;;;;;;;;;
S12000019;SCOTLAND;;Midlothian;10,05;14,85;45,51;29,59;7,39;14,02;7,27;12,82;10,84;11,68;18,03;5,08;40,96;50,07;7,99;24,93;34,25;1,43;7,18;7,59;540;;;;;;;;;;;
S12000020;SCOTLAND;;Moray;8,46;17,03;39,99;34,51;7,50;12,47;6,39;10,54;8,59;14,16;19,91;4,66;36,33;43,66;5,45;30,81;38,21;1,11;7,34;7,67;850;;;;;;;;;;;
S12000021;SCOTLAND;;North Ayrshire;12,44;17,37;36,03;34,17;7,27;10,09;9,97;14,90;8,68;14,41;20,33;5,31;32,27;39,78;5,51;30,47;37,87;1,26;7,09;7,45;870;;;;;;;;;;;
S12000044;SCOTLAND;;North Lanarkshire;10,46;19,25;35,21;35,08;7,34;11,41;8,11;12,81;8,17;16,16;22,34;4,92;31,80;38,62;5,33;31,40;38,76;1,29;7,15;7,53;790;;;;;;;;;;;
S12000024;SCOTLAND;;Perth and Kinross;7,01;13,80;42,05;37,13;7,69;12,70;5,26;8,77;10,34;10,99;16,61;4,56;38,28;45,82;4,79;33,63;40,63;0,95;7,54;7,83;780;;;;;;;;;;;
S12000038;SCOTLAND;;Renfrewshire;10,96;18,49;35,82;34,72;7,32;11,58;8,46;13,46;9,38;15,08;21,91;5,72;31,79;39,86;5,23;31,15;38,29;1,22;7,14;7,50;850;;;;;;;;;;;
S12000026;SCOTLAND;;Scottish Borders ;8,64;15,50;37,58;38,28;7,57;13,04;6,42;10,86;9,18;12,70;18,29;4,76;34,06;41,10;4,74;34,72;41,85;1,13;7,40;7,74;890;;;;;;;;;;;
S12000028;SCOTLAND;;South Ayrshire;10,69;15,28;32,35;41,68;7,55;10,18;8,55;12,83;8,72;12,66;17,90;5,67;28,74;35,96;4,32;38,14;45,22;1,09;7,39;7,71;870;;;;;;;;;;;
S12000029;SCOTLAND;;South Lanarkshire;11,23;16,86;36,11;35,80;7,37;11,14;8,77;13,69;8,78;13,95;19,77;5,39;32,28;39,94;5,28;32,08;39,51;1,22;7,20;7,55;800;;;;;;;;;;;
S12000030;SCOTLAND;;Stirling;8,93;14,23;42,12;34,72;7,56;15,39;6,22;11,63;11,51;11,00;17,46;5,01;37,96;46,27;6,72;30,13;39,32;1,24;7,37;7,74;610;;;;;;;;;;;
S12000039;SCOTLAND;;West Dunbartonshire;11,63;18,79;39,80;29,78;7,20;11,30;9,05;14,22;7,67;15,96;21,62;5,12;35,79;43,81;5,91;26,32;33,24;1,34;7,01;7,39;740;;;;;;;;;;;
S12000040;SCOTLAND;;West Lothian;9,14;14,37;45,99;30,50;7,44;14,03;6,62;11,66;10,01;11,54;17,20;4,32;42,08;49,90;6,18;26,79;34,21;1,35;7,24;7,63;790;;;;;;;;;;;
N92000002;NORTHERN IRELAND;;;6,76;14,66;37,57;41,00;7,75;9,22;5,54;7,99;5,62;13,04;16,28;3,03;35,34;39,81;2,83;38,72;43,28;0,60;7,66;7,84;2 540;;;;;;;;;;;
N09000001;;;Antrim and Newtownabbey;x;x;x;x;7,99;x;x;x;x;x;x;x;x;x;x;x;x;1,91;7,68;8,29;150;;;;;;;;;;;
N09000002;;;Armagh, Banbridge and Craigavon;x;x;x;x;8,04;x;x;x;x;x;x;x;x;x;x;x;x;1,77;7,76;8,33;290;;;;;;;;;;;
N09000003;;;Belfast;9,59;17,38;41,46;31,57;7,35;19,32;5,94;13,25;12,88;12,97;21,80;6,03;36,52;46,39;8,30;26,40;36,73;1,60;7,12;7,58;490;;;;;;;;;;;
N09000004;;;Causeway Coast and Glens;x;x;x;x;7,92;x;x;x;x;x;x;x;x;x;x;x;x;1,79;7,64;8,20;210;;;;;;;;;;;
N09000005;;;Derry and Strabane;x;x;x;x;7,48;x;x;x;x;x;x;x;x;x;x;x;x;2,22;7,15;7,81;210;;;;;;;;;;;
N09000006;;;Fermanagh and Omagh;x;x;x;x;8,26;x;x;x;x;x;x;x;x;x;x;x;x;2,07;7,92;8,60;180;;;;;;;;;;;
N09000007;;;Lisburn and Castlereagh;x;x;x;x;7,69;x;x;x;x;x;x;x;x;x;x;x;x;2,31;7,33;8,05;180;;;;;;;;;;;
N09000008;;;Mid and East Antrim;x;x;x;x;8,03;x;x;x;x;x;x;x;x;x;x;x;x;1,72;7,76;8,31;210;;;;;;;;;;;
N09000009;;;Mid Ulster;x;x;x;x;7,91;x;x;x;x;x;x;x;x;x;x;x;x;1,98;7,59;8,22;190;;;;;;;;;;;
N09000010;;;Newry, Mourne and Down;x;x;x;x;7,84;x;x;x;x;x;x;x;x;x;x;x;x;1,61;7,59;8,09;240;;;;;;;;;;;
N09000011;;;North Down and Ards;x;x;x;x;7,32;x;x;x;x;x;x;x;x;x;x;x;x;2,73;6,92;7,72;200;;;;;;;;;;;
;;;;;;;;;;;;;;;;;;;;;;;;;;;;;;;;;;;
1 Question: Overall, how happy did you feel yesterday?  Where 0 is 'not at all happy' and 10 is 'completely happy'.;;;;;;;;;;;;;;;;;;;;;;;;;;;;;;;;;;;
2 All estimates weighted.;;;;;;;;;;;;;;;;;;;;;;;;;;;;;;;;;;;
3 Estimates may not add to 100% due to rounding.;;;;;;;;;;;;;;;;;;;;;;;;;;;;;;;;;;;
4 Estimates for 2014/15 have been weighted using population totals from the 2011 census. Estimates from previous years were weighted to population totals from the 2001 census. This difference may impact estimates but it is impossible to quantify and is likely to be small. ;;;;;;;;;;;;;;;;;;;;;;;;;;;;;;;;;;;
5 Northern Ireland reformed its local government boundaries in April 2015. Estimates have been provided by the 11 newly created boundaries. For more information see http://www.doeni.gov.uk/local_government_reform;;;;;;;;;;;;;;;;;;;;;;;;;;;;;;;;;;;
# Data unavailable.;;;;;;;;;;;;;;;;;;;;;;;;;;;;;;;;;;;
* There is no single geography code for these combined areas.;;;;;;;;;;Key ;;;;;;;;;;;;;;;;;;;;;;;;;
x Data has been suppressed as the CV> 20% or unavailable, or the sample size is insufficient.;;;;;;;;;;cv <= 5% ;;;;;;;;;;;;;;;;;;;;;;;;;
The colour coding indicates the variability around each estimate as measured by its co-efficient of variation, which is the ratio of the standard error of an estimate to the estimate. ;;;;;;;;;;cv > 5% and <= 10% ;;;;;;;;;;;;;;;;;;;;;;;;;
;;;;;;;;;;cv > 10% and <= 20% ;;;;;;;;;;;;;;;;;;;;;;;;;
;;;;;;;;;;cv > 20% or unavailable ;;;;;;;;;;;;;;;;;;;;;;;;;
;;;;;;;;;;;;;;;;;;;;;;;;;;;;;;;;;;;
Source: April 2014 to March 2015, Annual Population Survey Personal Well-being National Statistics dataset, Office for National Statistics;;;;;;;;;;;;;;;;;;;;;;;;;;;;;;;;;;;
;;;;;;;;;;;;;;;;;;;;;;;;;;;;;;;;;;;
Main table contents;;;;;;;;;;;;;;;;;;;;;;;;;;;;;;;;;;;
;;;;;;;;;;;;;;;;;;;;;;;;;;;;;;;;;;;
;;;;;;;;;;;;;;;;;;;;;;;;;;;;;;;;;;;